slide_id,status
TCGA-32-1979-01A-01-TS1,no
TCGA-87-5896-01Z-00-DX1,no
TCGA-HT-A5RC-01A-01-TS1,yes
TCGA-06-1801-01Z-00-DX1,no
TCGA-32-2495-01A-01-BS1,no
TCGA-14-1827-01Z-00-DX1,no
TCGA-DU-5853-01Z-00-DX1,yes
TCGA-12-1099-01Z-00-DX3,no
TCGA-12-0772-01Z-00-DX2,no
TCGA-12-0780-01A-01-TS1,no
TCGA-14-1450-01B-01-TS1,no
TCGA-06-0138-01Z-00-DX3,yes
TCGA-06-0749-01Z-00-DX2,no
TCGA-76-6285-01A-01-BS1,no
TCGA-12-0616-01Z-00-DX3,yes
TCGA-06-0206-01A-01-BS1,no
TCGA-QH-A65R-01A-02-TS2,yes
TCGA-R8-A6MK-01Z-00-DXD,yes
TCGA-E1-A7YW-01Z-00-DX1,yes
TCGA-06-0152-01A-01-BS1,no
TCGA-08-0347-01A-01-TS1,no
TCGA-E1-5322-01A-01-BS1,no
TCGA-14-1402-01Z-00-DX2,no
TCGA-08-0359-01A-01-TS1,no
TCGA-HT-7880-01A-01-TS1,yes
TCGA-12-0662-01A-01-BS1,no
TCGA-FG-A6J3-01Z-00-DX4,yes
TCGA-HT-7476-01Z-00-DX3,yes
TCGA-HT-7604-01Z-00-DX1,yes
TCGA-08-0353-01Z-00-DX1,no
TCGA-HT-7468-01Z-00-DX3,yes
TCGA-DB-A64X-01A-01-TSA,yes
TCGA-12-0822-01Z-00-DX3,no
TCGA-19-1789-01Z-00-DX1,no
TCGA-16-0849-01A-01-TS2,no
TCGA-S9-A7QX-01A-01-TS1,yes
TCGA-28-2514-01A-01-BS1,yes
TCGA-P5-A736-01A-01-TSA,yes
TCGA-TQ-A7RN-01A-01-TS1,yes
TCGA-DU-7299-01A-01-BS1,yes
TCGA-12-0773-01Z-00-DX6,no
TCGA-19-5956-01A-01-BS1,no
TCGA-27-1832-01Z-00-DX2,yes
TCGA-HT-7681-01Z-00-DX3,yes
TCGA-DU-6408-01A-01-BS1,yes
TCGA-06-0211-01Z-00-DX2,yes
TCGA-E1-A7YH-01A-01-TSA,yes
TCGA-14-0789-01Z-00-DX1,yes
TCGA-06-0882-01Z-00-DX1,no
TCGA-14-1454-01A-01-TS1,no
TCGA-DU-5847-01A-01-TS1,yes
TCGA-12-0692-01Z-00-DX5,no
TCGA-32-1982-01A-01-BS1,yes
TCGA-02-0057-01A-01-BS1,no
TCGA-HW-7486-01A-01-BS1,yes
TCGA-HT-7884-01B-01-TS1,yes
TCGA-06-0145-01Z-00-DX2,no
TCGA-19-1787-01B-01-TS1,no
TCGA-06-0150-01A-01-TS1,no
TCGA-HT-7873-01Z-00-DX1,yes
TCGA-06-0178-01Z-00-DX8,yes
TCGA-12-0822-01Z-00-DX4,no
TCGA-HT-7468-01Z-00-DX4,yes
TCGA-14-0812-01B-01-BS1,no
TCGA-08-0345-01A-01-BS1,no
TCGA-FG-A87Q-01Z-00-DX1,yes
TCGA-HT-7882-01A-01-BS1,yes
TCGA-06-1800-01Z-00-DX2,no
TCGA-02-0003-01Z-00-DX2,no
TCGA-CS-6668-01A-01-BS1,yes
TCGA-12-0773-01Z-00-DX1,no
TCGA-76-6192-01A-01-BS1,no
TCGA-12-3648-01A-01-BS1,no
TCGA-HT-7681-01Z-00-DX4,yes
TCGA-41-2573-01Z-00-DX1,no
TCGA-WY-A85C-01A-01-TS1,yes
TCGA-DH-A7UT-01Z-00-DX1,yes
TCGA-27-2524-01Z-00-DX1,yes
TCGA-14-0789-01Z-00-DX6,yes
TCGA-TM-A84Q-01A-01-TS1,yes
TCGA-RY-A840-01Z-00-DX1,yes
TCGA-DU-6400-01Z-00-DX1,yes
TCGA-06-0645-01A-01-TS1,no
TCGA-12-0692-01Z-00-DX2,no
TCGA-FG-A4MY-01Z-00-DX1,yes
TCGA-02-0113-01A-01-BS1,no
TCGA-E1-A7YV-01Z-00-DX2,yes
TCGA-DU-A6S7-01Z-00-DX1,yes
TCGA-06-0145-01Z-00-DX5,no
TCGA-HW-7490-01Z-00-DX1,yes
TCGA-HT-7605-01Z-00-DX2,yes
TCGA-08-0352-01Z-00-DX2,no
TCGA-32-1980-01A-01-TS1,yes
TCGA-16-0848-01A-01-TS1,no
TCGA-28-1756-01C-01-TS1,no
TCGA-QH-A6XC-01A-01-TS1,yes
TCGA-DH-5143-01Z-00-DX1,yes
TCGA-VM-A8C9-01Z-00-DX9,yes
TCGA-HW-8319-01Z-00-DX1,yes
TCGA-CS-6186-01A-01-TS1,yes
TCGA-06-5858-01Z-00-DX1,yes
TCGA-27-1833-01Z-00-DX1,no
TCGA-76-6662-01A-01-TS1,no
TCGA-02-0014-01A-01-BS1,no
TCGA-06-0210-01Z-00-DX1,yes
TCGA-19-0963-01Z-00-DX1,no
TCGA-06-0138-01Z-00-DX4,yes
TCGA-19-5954-01A-01-TS1,no
TCGA-12-0616-01Z-00-DX4,yes
TCGA-TQ-A7RU-01A-02-TS2,yes
TCGA-S9-A6TX-01Z-00-DX1,yes
TCGA-R8-A6MK-01Z-00-DXC,yes
TCGA-HT-7879-01A-01-TS1,yes
TCGA-FG-A6J3-01Z-00-DX3,yes
TCGA-TQ-A8XE-01A-01-TS1,yes
TCGA-06-0178-01Z-00-DX6,yes
TCGA-E1-A7YI-01Z-00-DX1,yes
TCGA-06-0166-01Z-00-DX6,no
TCGA-12-0821-01Z-00-DX1,yes
TCGA-15-1449-01A-01-TS1,no
TCGA-FG-8186-01Z-00-DX1,yes
TCGA-HT-7607-01Z-00-DX3,yes
TCGA-HT-7475-01Z-00-DX1,yes
TCGA-28-1753-01A-01-TS1,no
TCGA-19-A6J4-01A-01-TS1,no
TCGA-FG-6692-01Z-00-DX1,yes
TCGA-HT-8012-01Z-00-DX1,yes
TCGA-DU-7019-01Z-00-DX1,yes
TCGA-DU-7007-01Z-00-DX1,yes
TCGA-DB-5273-01Z-00-DX1,yes
TCGA-VM-A8C8-01Z-00-DX3,yes
TCGA-14-0740-01B-01-BS1,no
TCGA-DB-A75O-01A-01-TSA,yes
TCGA-06-0124-01Z-00-DX5,no
TCGA-12-1090-01A-01-TS1,no
TCGA-DU-5871-01Z-00-DX1,yes
TCGA-06-6695-01A-01-BS1,no
TCGA-06-2561-01A-01-BS1,yes
TCGA-TQ-A7RV-02A-01-TS1,yes
TCGA-P5-A737-01Z-00-DX1,yes
TCGA-F6-A8O3-01A-01-TSA,yes
TCGA-06-5415-01A-01-BS1,no
TCGA-E1-A7Z3-01Z-00-DX1,yes
TCGA-12-0657-01Z-00-DX2,no
TCGA-DB-A75P-01Z-00-DX1,yes
TCGA-02-0075-01A-01-BS1,no
TCGA-E1-A7YV-01A-01-TSA,yes
TCGA-VM-A8C9-01Z-00-DX7,yes
TCGA-26-6174-01A-01-BS1,no
TCGA-02-0001-01Z-00-DX3,no
TCGA-FG-5962-01B-01-TS1,yes
TCGA-12-0615-01Z-00-DX1,no
TCGA-06-0213-01Z-00-DX4,no
TCGA-DB-5279-01A-01-TS1,yes
TCGA-HT-7688-01A-01-TS1,yes
TCGA-06-0125-01Z-00-DX1,no
TCGA-DU-7306-01A-01-BS1,yes
TCGA-DU-7013-01A-01-TS1,yes
TCGA-HT-8018-01A-01-TS1,yes
TCGA-08-0380-01A-01-BS1,no
TCGA-HT-A5R5-01A-01-TS1,yes
TCGA-14-1037-01A-01-TS1,no
TCGA-QH-A6X4-01A-05-TS5,yes
TCGA-FG-8187-01Z-00-DX2,yes
TCGA-QH-A6CV-01Z-00-DX1,yes
TCGA-HT-7474-01Z-00-DX2,yes
TCGA-06-5417-01A-01-TS1,no
TCGA-28-5213-01A-01-BS1,yes
TCGA-TM-A7C3-01A-01-TS1,yes
TCGA-06-0148-01A-06-BS6,no
TCGA-S9-A6TY-01A-01-TSA,yes
TCGA-27-1830-01Z-00-DX3,yes
TCGA-TM-A84O-01A-01-TS1,yes
TCGA-27-2518-01Z-00-DX1,no
TCGA-06-2563-01A-01-TS1,yes
TCGA-06-6697-01A-01-TS1,no
TCGA-06-0133-01A-01-BS1,no
TCGA-FG-5964-01A-01-BS1,yes
TCGA-02-0021-01Z-00-DX2,no
TCGA-06-0213-01Z-00-DX3,no
TCGA-DB-5280-01A-01-TS1,yes
TCGA-02-2483-01A-01-BS1,no
TCGA-E1-5302-01A-01-TS1,yes
TCGA-DU-6399-01A-01-TS1,yes
TCGA-28-1751-01A-01-BS1,no
TCGA-06-0178-01Z-00-DX1,yes
TCGA-06-6390-01A-01-BS1,no
TCGA-12-0829-01A-01-BS1,no
TCGA-06-0166-01Z-00-DX1,no
TCGA-06-0189-01A-01-BS1,no
TCGA-DU-6393-01Z-00-DX1,yes
TCGA-12-0656-01Z-00-DX1,no
TCGA-06-0197-01A-01-BS1,no
TCGA-HT-7607-01Z-00-DX4,yes
TCGA-32-4208-01A-01-BS1,no
TCGA-VM-A8C8-01Z-00-DX4,yes
TCGA-HT-7694-01A-01-BS1,yes
TCGA-DU-A5TY-01Z-00-DX1,yes
TCGA-DU-7304-01A-01-TS1,yes
TCGA-02-2466-01A-01-TS1,no
TCGA-DU-7011-01A-01-BS1,yes
TCGA-26-1443-01A-01-TS1,no
TCGA-02-0028-01A-01-BS1,no
TCGA-DU-8165-01Z-00-DX1,yes
TCGA-06-0124-01Z-00-DX2,no
TCGA-CS-5394-01Z-00-DX1,yes
TCGA-06-0137-01B-01-BS1,no
TCGA-S9-A89Z-01Z-00-DX1,yes
TCGA-02-0069-01A-01-TS1,no
TCGA-14-1451-01A-01-BS1,no
TCGA-06-0745-01A-01-TS1,no
TCGA-06-0876-01A-01-TS1,no
TCGA-FG-7638-01B-01-BS1,yes
TCGA-27-1834-01Z-00-DX1,yes
TCGA-DH-5144-01Z-00-DX1,yes
TCGA-12-3646-01Z-00-DX2,no
TCGA-06-0648-01Z-00-DX1,no
TCGA-FG-A4MT-01A-01-TS1,yes
TCGA-19-1392-01Z-00-DX1,no
TCGA-HT-7602-01Z-00-DX2,yes
TCGA-S9-A6WM-01Z-00-DX1,yes
TCGA-HT-7860-01A-01-TS1,yes
TCGA-06-0143-01Z-00-DX1,no
TCGA-HT-7856-01Z-00-DX8,yes
TCGA-26-1439-01A-01-BS1,no
TCGA-TQ-A7RR-01A-02-TS2,yes
TCGA-02-0010-01A-01-TS2,no
TCGA-08-0245-01A-01-BS1,no
TCGA-19-0964-01Z-00-DX1,no
TCGA-HT-A74J-01A-01-TS1,yes
TCGA-06-0209-01Z-00-DX1,no
TCGA-19-0955-01A-02-BS2,no
TCGA-12-3651-01A-01-BS1,no
TCGA-14-1458-01Z-00-DX2,no
TCGA-76-6661-01B-01-TS1,no
TCGA-19-5959-01Z-00-DX1,no
TCGA-19-5947-01Z-00-DX1,no
TCGA-14-1821-01Z-00-DX2,no
TCGA-19-1786-01A-01-BS1,no
TCGA-15-0742-01A-01-TS1,yes
TCGA-06-0157-01A-01-TS1,yes
TCGA-HT-7874-01Z-00-DX1,yes
TCGA-S9-A6WG-01A-01-TS1,no
TCGA-S9-A6U9-01Z-00-DX1,yes
TCGA-02-0058-01Z-00-DX1,no
TCGA-HW-7489-01Z-00-DX1,yes
TCGA-32-2638-01A-01-BS1,no
TCGA-QH-A6X9-01A-01-TSA,yes
TCGA-19-1386-01A-01-TS1,no
TCGA-02-0114-01A-01-BS1,no
TCGA-DU-6407-01Z-00-DX1,yes
TCGA-RY-A847-01Z-00-DX1,yes
TCGA-41-4097-01A-01-BS1,yes
TCGA-06-0208-01Z-00-DX5,no
TCGA-27-2523-01Z-00-DX1,yes
TCGA-06-2558-01A-01-TS1,yes
TCGA-06-0216-01Z-00-DX5,no
TCGA-DH-A7US-01Z-00-DX1,yes
TCGA-HT-7686-01Z-00-DX3,yes
TCGA-27-1835-01Z-00-DX2,yes
TCGA-CS-6667-01Z-00-DX1,yes
TCGA-19-5951-01A-01-BS1,no
TCGA-FG-7634-01Z-00-DX1,yes
TCGA-06-1084-01Z-00-DX1,no
TCGA-14-1458-01Z-00-DX5,no
TCGA-TQ-A7RI-01A-01-TS1,yes
TCGA-P5-A731-01A-01-TSA,no
TCGA-28-2513-01A-01-BS1,yes
TCGA-19-1790-01Z-00-DX1,no
TCGA-TQ-A7RK-02B-01-TS1,yes
TCGA-06-0649-01Z-00-DX2,yes
TCGA-16-0850-01A-01-TS2,no
TCGA-DU-A7TD-01A-01-TS1,yes
TCGA-HT-7603-01Z-00-DX1,yes
TCGA-74-6573-01A-01-TS1,no
TCGA-14-0813-01A-01-TS1,no
TCGA-FG-A710-01Z-00-DX1,yes
TCGA-06-0747-01A-01-BS1,yes
TCGA-14-1453-01A-01-TS1,no
TCGA-06-0208-01Z-00-DX2,no
TCGA-19-0957-01C-01-TS1,no
TCGA-06-0216-01Z-00-DX2,no
TCGA-12-0775-01Z-00-DX2,no
TCGA-P5-A72W-01A-01-TSA,yes
TCGA-DU-5854-01Z-00-DX1,yes
TCGA-14-1459-01Z-00-DX1,no
TCGA-EZ-7264-01A-01-TS1,yes
TCGA-06-A6S1-01A-01-TS1,no
TCGA-HT-7470-01Z-00-DX7,yes
TCGA-16-1056-01B-01-BS1,no
TCGA-16-1048-01B-01-BS1,no
TCGA-02-0116-01A-01-TS1,no
TCGA-HT-7875-01Z-00-DX2,yes
TCGA-HT-7609-01A-01-TS1,yes
TCGA-4W-AA9S-01A-01-TS1,no
TCGA-12-3653-01A-01-TS1,yes
TCGA-06-0201-01A-01-BS1,no
TCGA-VM-A8CH-01Z-00-DX7,yes
TCGA-76-6282-01A-01-BS1,no
TCGA-06-0209-01Z-00-DX6,no
TCGA-06-0750-01Z-00-DX2,yes
TCGA-HT-7693-01A-01-BS1,yes
TCGA-14-1794-01Z-00-DX2,no
TCGA-DU-7008-01A-01-BS1,yes
TCGA-32-4211-01A-01-BS1,no
TCGA-12-0769-01Z-00-DX3,no
TCGA-QH-A6X8-01Z-00-DX1,yes
TCGA-19-2625-01Z-00-DX1,yes
TCGA-06-0190-01A-01-BS1,yes
TCGA-14-4157-01A-01-TS1,no
TCGA-DU-6394-01Z-00-DX1,yes
TCGA-HT-7877-01Z-00-DX3,yes
TCGA-OX-A56R-01A-01-TS1,no
TCGA-QH-A65Z-01Z-00-DX1,yes
TCGA-74-6573-11A-01-TS1,no
TCGA-12-0703-01A-01-BS1,no
TCGA-06-6389-01A-01-BS1,no
TCGA-HT-7620-01Z-00-DX2,yes
TCGA-41-3392-01A-01-BS1,no
TCGA-VV-A829-01A-02-TS2,no
TCGA-HW-8322-01Z-00-DX1,yes
TCGA-CS-5393-01Z-00-DX1,yes
TCGA-TM-A84B-01Z-00-DX1,yes
TCGA-DU-8162-01Z-00-DX1,yes
TCGA-FG-A713-01Z-00-DX4,yes
TCGA-DU-8168-01A-01-TS1,yes
TCGA-14-1795-01Z-00-DX6,no
TCGA-S9-A7J3-01A-02-TS2,yes
TCGA-06-2564-01A-01-TS1,yes
TCGA-TM-A84H-01A-01-TS1,yes
TCGA-12-1095-01A-01-BS1,no
TCGA-HT-7684-01Z-00-DX2,yes
TCGA-TM-A7C4-01A-01-TS1,yes
TCGA-DB-5275-01Z-00-DX2,yes
TCGA-12-0827-01Z-00-DX2,no
TCGA-28-5214-01A-01-BS1,no
TCGA-06-5410-01A-01-TS1,no
TCGA-HT-7473-01Z-00-DX2,no
TCGA-14-1823-01Z-00-DX4,yes
TCGA-HT-7470-01Z-00-DX9,yes
TCGA-06-0187-01Z-00-DX2,yes
TCGA-HT-7856-01Z-00-DX1,yes
TCGA-12-1598-01Z-00-DX1,no
TCGA-12-0670-01Z-00-DX3,no
TCGA-R8-A6MO-01Z-00-DXA,yes
TCGA-HT-7481-01A-01-TS1,yes
TCGA-HT-8104-01A-01-BS1,yes
TCGA-E1-5305-01A-01-TS1,yes
TCGA-19-2631-01A-01-TS1,no
TCGA-HT-7676-01A-01-TS1,yes
TCGA-02-0026-01Z-00-DX2,no
TCGA-06-0214-01Z-00-DX3,no
TCGA-FG-5963-01A-01-BS1,yes
TCGA-06-0221-01A-01-TS1,yes
TCGA-06-0209-01Z-00-DX8,no
TCGA-DU-A5TT-01A-01-TS1,yes
TCGA-DU-7309-01Z-00-DX1,yes
TCGA-WY-A858-01Z-00-DX1,yes
TCGA-14-1795-01Z-00-DX1,no
TCGA-FG-5965-01B-01-TS1,yes
TCGA-26-6173-01A-01-BS1,no
TCGA-HT-7684-01Z-00-DX5,yes
TCGA-E1-A7YQ-01A-01-TSA,yes
TCGA-HT-7473-01Z-00-DX5,yes
TCGA-26-A7UX-01Z-00-DX1,no
TCGA-DU-A7T8-01Z-00-DX1,yes
TCGA-IK-7675-01Z-00-DX1,yes
TCGA-E1-A7Z4-01Z-00-DX1,yes
TCGA-S9-A7R1-01Z-00-DX1,yes
TCGA-14-1823-01Z-00-DX3,yes
TCGA-HT-7856-01Z-00-DX6,yes
TCGA-12-0819-01Z-00-DX3,no
TCGA-E1-A7YD-01A-01-TS1,yes
TCGA-12-0670-01Z-00-DX4,no
TCGA-15-1444-01Z-00-DX1,yes
TCGA-HT-7478-01A-01-TS1,yes
TCGA-DU-7301-01A-01-BS1,yes
TCGA-06-0122-01Z-00-DX1,no
TCGA-HT-7691-01A-01-TS1,yes
TCGA-CS-4938-01Z-00-DX1,yes
TCGA-DH-A66G-01Z-00-DX1,yes
TCGA-32-4213-01A-01-TS1,yes
TCGA-TQ-A7RW-01A-01-TS1,yes
TCGA-14-0867-01Z-00-DX2,no
TCGA-02-2486-01A-01-TS1,yes
TCGA-12-0618-01A-01-TS1,yes
TCGA-S9-A7IX-01Z-00-DX1,yes
TCGA-DB-5274-01Z-00-DX1,yes
TCGA-06-0128-01A-01-TS1,no
TCGA-HT-8015-01Z-00-DX1,yes
TCGA-12-0769-01Z-00-DX4,no
TCGA-HT-7472-01Z-00-DX1,no
TCGA-RY-A83Z-01A-01-TS1,yes
TCGA-HT-7877-01Z-00-DX4,yes
TCGA-12-0826-01Z-00-DX1,no
TCGA-E1-A7YN-01Z-00-DX1,yes
TCGA-HT-8106-01A-01-TS1,yes
TCGA-E1-5319-01A-01-BS1,yes
TCGA-HT-7483-01A-01-BS1,yes
TCGA-FG-7643-01A-01-BS1,yes
TCGA-E1-5307-01A-01-BS1,yes
TCGA-28-5216-01A-01-TS1,yes
TCGA-HT-7620-01Z-00-DX5,yes
TCGA-12-1599-01Z-00-DX2,no
TCGA-02-0089-01A-01-TS1,no
TCGA-28-5208-01A-01-TS1,yes
TCGA-HT-7857-01Z-00-DX2,yes
TCGA-06-5412-01A-01-BS1,no
TCGA-F6-A8O4-01A-01-TSA,yes
TCGA-P5-A730-01Z-00-DX1,yes
TCGA-06-2566-01A-01-BS1,no
TCGA-12-1089-01A-01-TS1,no
TCGA-02-0027-01Z-00-DX1,no
TCGA-WY-A85A-01A-02-TS2,yes
TCGA-FG-A713-01Z-00-DX3,yes
TCGA-08-0386-01Z-00-DX1,yes
TCGA-06-0147-01A-02-BS2,no
TCGA-HT-7620-01A-01-BS1,yes
TCGA-06-0157-01Z-00-DX3,no
TCGA-DU-6397-01A-01-TS1,yes
TCGA-HT-8113-01A-01-BS1,yes
TCGA-S9-A6WP-01A-01-TS1,yes
TCGA-R8-A73M-01A-01-TS1,yes
TCGA-VM-A8CA-01Z-00-DX9,yes
TCGA-R8-A6MO-01Z-00-DX7,yes
TCGA-DU-7300-01Z-00-DX1,yes
TCGA-VM-A8CB-01Z-00-DX2,yes
TCGA-19-0960-01A-02-BS2,no
TCGA-14-0871-01Z-00-DX1,no
TCGA-06-6699-01A-01-TS1,no
TCGA-14-1453-01Z-00-DX4,no
TCGA-DU-8161-01A-01-TS1,yes
TCGA-S9-A6WE-01A-01-TSA,yes
TCGA-HW-8321-01A-01-TS1,yes
TCGA-HT-7693-01Z-00-DX2,yes
TCGA-14-1794-01A-01-BS1,no
TCGA-12-0703-01Z-00-DX2,no
TCGA-QH-A6CX-01Z-00-DX1,yes
TCGA-19-A60I-01Z-00-DX5,no
TCGA-12-0656-01B-01-TS1,no
TCGA-P5-A5F1-01A-01-TSA,yes
TCGA-06-5413-01Z-00-DX1,yes
TCGA-28-1745-01B-01-BS1,no
TCGA-02-0038-01A-01-BS1,no
TCGA-HT-7684-01A-01-BS1,yes
TCGA-DU-A5TW-01Z-00-DX1,yes
TCGA-12-3653-01Z-00-DX4,yes
TCGA-28-2499-01A-01-TS1,no
TCGA-DB-5275-01A-01-BS1,yes
TCGA-12-1095-01Z-00-DX2,no
TCGA-HT-7609-01Z-00-DX4,yes
TCGA-HT-7860-01Z-00-DX3,yes
TCGA-HT-7482-01Z-00-DX1,yes
TCGA-06-0187-01A-01-BS1,yes
TCGA-08-0392-01A-01-TS1,no
TCGA-41-3915-01A-01-TS1,yes
TCGA-QH-A65S-01Z-00-DX1,yes
TCGA-12-0827-01A-01-BS1,no
TCGA-R8-A6ML-01A-01-TSA,yes
TCGA-06-0168-01Z-00-DX1,yes
TCGA-06-0176-01Z-00-DX1,no
TCGA-HT-7855-01A-01-TS1,yes
TCGA-HT-7473-01A-01-BS1,yes
TCGA-41-3393-01Z-00-DX1,no
TCGA-19-A60I-01Z-00-DX2,no
TCGA-HT-A61B-01A-01-TSA,yes
TCGA-02-0080-01A-01-TS1,no
TCGA-16-1063-01B-01-BS1,no
TCGA-06-A5U0-01A-01-TS1,no
TCGA-HT-A615-01Z-00-DX1,yes
TCGA-DB-A64W-01Z-00-DX1,yes
TCGA-06-0881-01A-02-BS2,no
TCGA-02-0001-01C-01-BS1,no
TCGA-12-3653-01Z-00-DX3,yes
TCGA-19-2624-01A-01-BS1,yes
TCGA-S9-A7IQ-01Z-00-DX1,yes
TCGA-DH-A66D-01A-01-TS1,yes
TCGA-41-6646-01A-01-TS1,no
TCGA-HT-7692-01Z-00-DX1,yes
TCGA-14-1396-01A-01-BS1,no
TCGA-DU-7009-01Z-00-DX1,yes
TCGA-15-1447-01A-01-TS1,no
TCGA-FG-8188-01Z-00-DX1,yes
TCGA-HT-7609-01Z-00-DX3,yes
TCGA-06-6388-01Z-00-DX1,no
TCGA-HT-7482-01Z-00-DX6,yes
TCGA-VW-A8FI-01A-01-TS1,yes
TCGA-06-0160-01A-01-BS1,no
TCGA-DU-6395-01A-01-BS1,yes
TCGA-08-0375-01A-01-TS1,no
TCGA-HT-8111-01A-01-TS1,yes
TCGA-06-0185-01A-01-TS1,no
TCGA-81-5910-01A-01-TS1,no
TCGA-HT-8105-01Z-00-DX1,yes
TCGA-28-1749-01Z-00-DX1,no
TCGA-08-0390-01A-01-BS1,no
TCGA-06-0157-01Z-00-DX4,yes
TCGA-FG-6688-01A-01-TS1,yes
TCGA-12-1599-01A-01-BS1,no
TCGA-FG-8182-01A-01-TS1,yes
TCGA-HT-7471-01A-01-TS1,yes
TCGA-RY-A83Y-01Z-00-DX1,yes
TCGA-HT-7857-01A-01-BS1,yes
TCGA-28-1757-01Z-00-DX1,no
TCGA-HT-7686-01A-01-TS1,yes
TCGA-FG-5962-01Z-00-DX1,yes
TCGA-DB-5277-01A-01-TS1,yes
TCGA-VM-A8CB-01Z-00-DX5,yes
TCGA-TM-A84J-01Z-00-DX2,yes
TCGA-14-1453-01Z-00-DX3,no
TCGA-76-4931-01A-01-BS1,yes
TCGA-HT-7677-01Z-00-DX9,yes
TCGA-14-0867-01A-01-BS1,no
TCGA-12-1094-01Z-00-DX1,no
TCGA-HT-7483-01Z-00-DX2,yes
TCGA-HT-7608-01Z-00-DX7,yes
TCGA-14-1829-01Z-00-DX8,yes
TCGA-12-0654-01B-01-BS1,no
TCGA-DU-A6S6-01A-02-TS2,yes
TCGA-14-3477-01A-01-BS1,no
TCGA-S9-A7R8-01Z-00-DX1,yes
TCGA-14-0813-01Z-00-DX3,no
TCGA-S9-A6U0-01Z-00-DX1,yes
TCGA-FG-A4MW-01Z-00-DX1,yes
TCGA-HT-7873-01B-01-TS1,yes
TCGA-28-2502-01B-01-TS1,no
TCGA-26-5139-01Z-00-DX1,yes
TCGA-06-0939-01A-01-BS1,no
TCGA-DU-6410-01Z-00-DX1,yes
TCGA-27-1837-01A-01-TS1,yes
TCGA-DU-6542-01A-01-BS1,yes
TCGA-06-0875-01Z-00-DX1,no
TCGA-DH-A669-01Z-00-DX2,yes
TCGA-12-3646-01A-01-BS1,no
TCGA-06-0221-01Z-00-DX3,yes
TCGA-CS-6666-01A-01-BS1,yes
TCGA-14-1451-01Z-00-DX2,no
TCGA-DB-A4XC-01Z-00-DX1,yes
TCGA-19-5950-01Z-00-DX1,no
TCGA-TM-A7CA-01Z-00-DX1,yes
TCGA-08-0355-01A-01-BS1,no
TCGA-HT-7482-01Z-00-DX8,yes
TCGA-HT-7602-01A-01-BS1,yes
TCGA-P5-A5EU-01A-01-TSA,yes
TCGA-12-0670-01A-01-TS1,no
TCGA-HT-7481-01Z-00-DX3,yes
TCGA-19-1791-01A-01-BS1,no
TCGA-S9-A6WN-01A-01-TS1,yes
TCGA-CS-4944-01A-01-TS1,yes
TCGA-S9-A6WD-01Z-00-DX1,yes
TCGA-06-0154-01Z-00-DX1,no
TCGA-HT-7877-01A-01-TS1,yes
TCGA-S9-A6TV-01Z-00-DX1,yes
TCGA-02-0007-01A-01-TS2,no
TCGA-12-0618-01Z-00-DX4,yes
TCGA-06-0747-01Z-00-DX5,yes
TCGA-R8-A6ML-01Z-00-DX5,yes
TCGA-06-0128-01Z-00-DX4,no
TCGA-12-0769-01A-01-TS1,no
TCGA-14-0786-01Z-00-DX2,no
TCGA-14-1458-01A-01-BS1,no
TCGA-HT-7677-01Z-00-DX7,yes
TCGA-DU-5855-01A-01-BS1,yes
TCGA-12-3651-01Z-00-DX2,no
TCGA-CS-6188-01A-01-TS1,yes
TCGA-06-5856-01Z-00-DX1,yes
TCGA-06-0210-01B-01-TS1,yes
TCGA-DU-6404-01A-01-TS1,yes
TCGA-19-0963-01B-01-TS1,no
TCGA-26-5133-01A-01-TS1,yes
TCGA-14-1829-01Z-00-DX6,yes
TCGA-DU-A6S3-01A-01-TS1,yes
TCGA-19-1385-01Z-00-DX1,no
TCGA-HT-7608-01Z-00-DX9,yes
TCGA-14-1821-01A-01-BS1,no
TCGA-FG-A6IZ-01Z-00-DX1,yes
TCGA-08-0349-01A-01-TS1,no
TCGA-E1-A7YY-01Z-00-DX1,yes
TCGA-26-1438-01Z-00-DX1,no
TCGA-DU-A7TG-01Z-00-DX1,yes
TCGA-06-0142-01A-01-BS1,no
TCGA-06-0138-01A-02-BS2,no
TCGA-R8-A6MO-01Z-00-DX9,yes
TCGA-VM-A8CA-01Z-00-DX7,yes
TCGA-06-0208-01A-01-BS1,no
TCGA-TQ-A7RJ-01Z-00-DX1,yes
TCGA-08-0244-01Z-00-DX1,no
TCGA-06-0216-01A-01-BS1,no
TCGA-12-3644-01A-01-TS1,no
TCGA-12-0618-01Z-00-DX3,yes
TCGA-FG-7637-01A-01-TS1,yes
TCGA-R8-A6ML-01Z-00-DX2,yes
TCGA-06-0747-01Z-00-DX2,yes
TCGA-06-0128-01Z-00-DX3,no
TCGA-12-1089-01Z-00-DX3,no
TCGA-12-1097-01Z-00-DX3,no
TCGA-27-1835-01A-01-BS1,no
TCGA-DB-A4XB-01Z-00-DX2,yes
TCGA-FG-A713-01A-01-TS1,yes
TCGA-14-1829-01Z-00-DX1,yes
TCGA-32-1977-01A-01-TS1,no
TCGA-02-0115-01Z-00-DX1,no
TCGA-02-0059-01A-01-BS1,no
TCGA-06-1805-01A-01-TS1,no
TCGA-14-1823-01A-01-TS1,yes
TCGA-02-0047-01A-01-BS1,yes
TCGA-DU-5849-01A-01-TS1,yes
TCGA-06-0750-01A-01-BS1,no
TCGA-06-0201-01Z-00-DX2,no
TCGA-14-0787-01Z-00-DX1,no
TCGA-06-0137-01Z-00-DX7,no
TCGA-CS-6670-01Z-00-DX1,yes
TCGA-12-1600-01Z-00-DX1,no
TCGA-RR-A6KA-01A-02-TSB,no
TCGA-HT-A61C-01Z-00-DX1,yes
TCGA-19-5958-01A-01-BS1,no
TCGA-12-0775-01A-01-BS1,no
TCGA-HW-A5KL-01A-01-TS1,yes
TCGA-14-1451-01Z-00-DX5,no
TCGA-06-0221-01Z-00-DX4,yes
TCGA-12-3650-01Z-00-DX1,yes
TCGA-DB-5270-01A-02-BS2,yes
TCGA-41-2575-01A-01-BS1,no
TCGA-19-1787-01Z-00-DX1,no
TCGA-12-0819-01A-01-TS1,no
TCGA-HT-7875-01A-01-BS1,yes
TCGA-HT-7481-01Z-00-DX4,yes
TCGA-DB-A64V-01A-01-TSA,yes
TCGA-HT-A614-01A-01-TSA,yes
TCGA-HT-7884-01Z-00-DX1,no
TCGA-TM-A84M-01Z-00-DX2,yes
TCGA-VM-A8CE-01Z-00-DX5,yes
TCGA-FG-5965-01Z-00-DX1,yes
TCGA-HT-7681-01A-01-TS1,yes
TCGA-HT-8011-01A-01-TS1,yes
TCGA-08-0389-01A-01-BS1,no
TCGA-28-1750-01Z-00-DX1,no
TCGA-16-1060-01A-01-BS1,no
TCGA-FG-6691-01A-01-TS1,no
TCGA-FG-8185-01A-01-TS1,yes
TCGA-HT-7476-01A-01-TS1,yes
TCGA-DB-A64O-01A-01-TSA,yes
TCGA-HT-7468-01A-01-TS1,yes
TCGA-12-0822-01A-01-TS1,no
TCGA-26-A7UX-01B-01-TS1,no
TCGA-P5-A72X-01Z-00-DX1,yes
TCGA-HT-7902-01Z-00-DX1,yes
TCGA-16-0861-01A-01-BS1,no
TCGA-16-1460-01A-01-TS1,no
TCGA-DU-A7T6-01Z-00-DX1,yes
TCGA-S9-A6U8-01A-02-TS2,yes
TCGA-HT-7694-01Z-00-DX5,yes
TCGA-DU-5872-01A-01-TS1,yes
TCGA-12-1093-01Z-00-DX1,no
TCGA-S9-A7QZ-01A-01-TSA,yes
TCGA-27-2519-01A-01-BS1,no
TCGA-14-1395-01B-01-BS1,no
TCGA-CS-4938-01B-01-TS1,no
TCGA-14-1454-01Z-00-DX3,no
TCGA-DB-A64P-01Z-00-DX1,yes
TCGA-HT-8015-01B-01-TS1,yes
TCGA-CS-5395-01A-01-BS1,no
TCGA-VM-A8CD-01Z-00-DX1,yes
TCGA-14-0783-01Z-00-DX3,no
TCGA-02-0037-01Z-00-DX1,no
TCGA-12-1099-01A-01-TS1,no
TCGA-32-2616-01A-01-TS1,no
TCGA-19-4065-01A-01-BS1,no
TCGA-28-5218-01A-01-TS1,yes
TCGA-02-0099-01A-01-TS1,no
TCGA-12-0657-01A-01-BS1,no
TCGA-06-0188-01Z-00-DX1,no
TCGA-14-1034-01Z-00-DX1,yes
TCGA-HT-8108-01A-01-TS1,yes
TCGA-DU-6392-01A-01-BS1,yes
TCGA-FG-A60K-01A-01-TS1,yes
TCGA-12-0828-01Z-00-DX1,no
TCGA-06-6391-01Z-00-DX1,no
TCGA-FG-8191-01Z-00-DX1,yes
TCGA-HT-7610-01Z-00-DX3,yes
TCGA-S9-A6WL-01A-02-TS2,yes
TCGA-DU-7010-01Z-00-DX1,yes
TCGA-06-1087-01A-02-BS2,no
TCGA-06-0126-01A-01-TS1,no
TCGA-12-0780-01Z-00-DX3,no
TCGA-HT-7695-01Z-00-DX1,yes
TCGA-06-0138-01A-01-TS1,yes
TCGA-TQ-A7RS-01Z-00-DX1,yes
TCGA-12-0616-01A-01-TS1,yes
TCGA-19-2623-01A-01-BS1,no
TCGA-02-0021-01A-01-BS1,no
TCGA-DU-5870-01A-01-BS1,yes
TCGA-76-6657-01A-01-TS1,no
TCGA-TM-A84L-01Z-00-DX1,yes
TCGA-VM-A8CD-01Z-00-DX6,yes
TCGA-14-0783-01Z-00-DX4,no
TCGA-06-0133-01Z-00-DX2,no
TCGA-76-4934-01A-01-TS1,no
TCGA-DB-A4XE-01A-01-TSA,yes
TCGA-06-5414-01Z-00-DX1,yes
TCGA-QH-A6CU-01A-01-TS1,yes
TCGA-02-0060-01A-01-TS1,no
TCGA-P5-A5F6-01A-01-TSA,yes
TCGA-FG-8187-01A-01-BS1,yes
TCGA-HT-7474-01A-01-BS1,yes
TCGA-06-0171-01Z-00-DX1,yes
TCGA-16-1062-01A-01-TS1,no
TCGA-12-0820-01A-01-BS1,no
TCGA-S9-A6UA-01Z-00-DX1,yes
TCGA-R8-A6MK-01A-01-TSA,yes
TCGA-06-0188-01Z-00-DX6,no
TCGA-HT-7879-01Z-00-DX3,yes
TCGA-HT-7485-01Z-00-DX1,yes
TCGA-VV-A86M-01Z-00-DX1,yes
TCGA-FG-A6J3-01A-01-TS1,yes
TCGA-12-1092-01Z-00-DX2,no
TCGA-DU-7006-01A-01-BS1,yes
TCGA-HT-8013-01A-01-BS1,yes
TCGA-DU-7018-01A-01-BS1,yes
TCGA-DU-A5TP-01Z-00-DX1,yes
TCGA-28-2506-01A-02-BS2,no
TCGA-26-1440-01Z-00-DX1,no
TCGA-06-0124-01A-01-BS1,no
TCGA-VM-A8CE-01Z-00-DX2,yes
TCGA-06-0214-01A-02-BS2,no
TCGA-VM-A8CF-01Z-00-DX9,yes
TCGA-14-0866-01B-01-TS1,no
TCGA-HT-8114-01A-01-BS1,yes
TCGA-TM-A84S-01A-01-TSA,yes
TCGA-28-1746-01A-01-BS1,no
TCGA-06-0165-01A-01-TS1,no
TCGA-HT-7858-01Z-00-DX1,yes
TCGA-14-3476-01B-01-TS1,no
TCGA-02-0086-01A-01-TS2,no
TCGA-02-0074-01Z-00-DX1,no
TCGA-06-0189-01Z-00-DX2,no
TCGA-06-0197-01Z-00-DX2,no
TCGA-28-5204-01A-01-BS1,yes
TCGA-02-0085-01A-01-BS1,no
TCGA-12-0829-01Z-00-DX2,no
TCGA-HT-7694-01Z-00-DX2,yes
TCGA-CS-5397-01A-01-TS1,no
TCGA-FG-A711-01A-02-TS2,yes
TCGA-TM-A84F-01A-01-TS1,yes
TCGA-DU-8166-01A-01-TS1,yes
TCGA-DU-6401-01A-01-BS1,yes
TCGA-VM-A8CD-01Z-00-DX8,yes
TCGA-06-0206-01Z-00-DX2,no
TCGA-02-0034-01Z-00-DX3,no
TCGA-S9-A7J2-01Z-00-DX1,yes
TCGA-06-0749-01A-01-BS1,yes
TCGA-HW-7491-01A-01-BS1,yes
TCGA-14-1402-01A-01-BS1,no
TCGA-06-1802-01A-01-TS1,no
TCGA-12-0662-01Z-00-DX2,no
TCGA-19-1790-01B-01-TS1,no
TCGA-TQ-A7RK-02Z-00-DX1,yes
TCGA-06-0152-01Z-00-DX2,yes
TCGA-DB-A64Q-01A-01-TSA,yes
TCGA-02-0043-01A-01-TS2,no
TCGA-08-0344-01Z-00-DX1,no
TCGA-DU-A7TJ-01A-01-TS1,yes
TCGA-06-0195-01Z-00-DX3,no
TCGA-41-2572-01A-01-BS1,yes
TCGA-TQ-A7RG-01A-01-TS1,yes
TCGA-DU-7290-01A-01-BS1,yes
TCGA-12-3649-01Z-00-DX1,no
TCGA-14-0790-01B-01-TS1,yes
TCGA-12-0772-01A-01-BS1,no
TCGA-12-0620-01Z-00-DX1,no
TCGA-HT-7688-01Z-00-DX3,yes
TCGA-HT-7607-01Z-00-DX12,yes
TCGA-R8-A6MK-01Z-00-DX2,yes
TCGA-VM-A8C8-01A-01-TS1,yes
TCGA-06-0211-01A-01-BS1,yes
TCGA-TQ-A7RM-01Z-00-DX1,yes
TCGA-VM-A8CF-01Z-00-DX7,yes
TCGA-CS-4941-01A-01-BS1,yes
TCGA-06-0145-01A-01-BS1,no
TCGA-08-0350-01A-01-TS1,no
TCGA-15-1449-01Z-00-DX3,no
TCGA-HT-7607-01A-01-TS1,yes
TCGA-32-1970-01A-01-TS1,yes
TCGA-HT-7882-01Z-00-DX5,yes
TCGA-06-0650-01A-01-BS1,no
TCGA-KT-A74X-01Z-00-DX1,yes
TCGA-32-2634-01A-01-TS1,yes
TCGA-14-0817-01Z-00-DX1,yes
TCGA-02-0015-01Z-00-DX1,no
TCGA-DB-A4XE-01Z-00-DX2,yes
TCGA-27-1832-01A-01-BS1,no
TCGA-06-5859-01A-01-BS1,yes
TCGA-DH-5142-01A-01-BS1,no
TCGA-HT-7607-01Z-00-DX15,yes
TCGA-06-0219-01Z-00-DX1,yes
TCGA-R8-A6MK-01Z-00-DX5,yes
TCGA-DU-7292-01A-01-TS1,yes
TCGA-28-2501-01A-01-TS1,no
TCGA-12-0692-01A-01-BS1,no
TCGA-HT-A4DS-01Z-00-DX1,yes
TCGA-HT-7882-01Z-00-DX2,yes
TCGA-06-1800-01A-01-BS1,no
TCGA-06-0646-01Z-00-DX1,yes
TCGA-26-5134-01A-01-TS1,no
TCGA-DU-6403-01A-01-TS1,yes
TCGA-12-3648-01Z-00-DX2,no
TCGA-TM-A84R-01Z-00-DX1,yes
TCGA-RY-A843-01A-01-TS1,yes
TCGA-27-2527-01A-01-TS1,no
TCGA-DU-5852-01A-01-BS1,yes
TCGA-02-0003-01A-01-BS1,no
TCGA-06-0878-01A-01-TS1,no
TCGA-27-1830-01A-01-TS1,yes
TCGA-06-6701-01A-01-TS1,no
TCGA-CS-5390-01A-02-BS2,no
TCGA-DH-5140-01A-01-TS1,no
TCGA-19-1388-01A-01-TS1,no
TCGA-02-0104-01A-01-BS1,no
TCGA-RR-A6KB-01Z-00-DX1,no
TCGA-HW-7487-01Z-00-DX1,yes
TCGA-06-0152-01Z-00-DX5,yes
TCGA-74-6584-01A-01-TS1,no
TCGA-02-0048-01Z-00-DX1,no
TCGA-CS-4943-01A-01-TS1,no
TCGA-06-0147-01A-01-TS1,no
TCGA-06-0159-01A-01-TS1,no
TCGA-19-1788-01A-01-BS1,no
TCGA-HT-7605-01A-01-BS1,yes
TCGA-08-0352-01A-01-BS1,no
TCGA-06-0195-01Z-00-DX4,no
TCGA-TM-A7CF-01Z-00-DX1,no
TCGA-DB-A4XD-01Z-00-DX1,yes
TCGA-DU-7298-01Z-00-DX1,yes
TCGA-06-0213-01A-01-TS1,no
TCGA-HT-7688-01Z-00-DX4,yes
TCGA-VV-A829-01Z-00-DX2,yes
TCGA-02-0006-01Z-00-DX2,no
TCGA-DB-A4XH-01Z-00-DX1,yes
TCGA-76-6282-01A-01-TS1,no
TCGA-12-0776-01Z-00-DX1,no
TCGA-DU-7294-01Z-00-DX1,yes
TCGA-12-3653-01A-01-BS1,yes
TCGA-06-0201-01A-01-TS1,no
TCGA-HT-7684-01Z-00-DX4,yes
TCGA-HT-7473-01Z-00-DX4,yes
TCGA-02-0115-01A-01-TS2,no
TCGA-06-0240-01A-01-BS1,no
TCGA-06-0187-01Z-00-DX4,yes
TCGA-14-1823-01Z-00-DX2,yes
TCGA-S9-A6TW-01A-01-TS1,yes
TCGA-06-1805-01Z-00-DX2,no
TCGA-HT-7609-01A-01-BS1,yes
TCGA-DU-A6S2-01Z-00-DX1,yes
TCGA-12-0819-01Z-00-DX2,no
TCGA-02-0116-01A-01-BS1,no
TCGA-16-1048-01B-01-TS1,no
TCGA-16-1056-01B-01-TS1,no
TCGA-HT-7856-01Z-00-DX7,yes
TCGA-P5-A77X-01A-01-TSA,yes
TCGA-HW-7495-01Z-00-DX1,yes
TCGA-EZ-7264-01A-01-BS1,yes
TCGA-TM-A7CF-02A-01-TS1,yes
TCGA-27-2521-01Z-00-DX1,yes
TCGA-06-2561-01A-02-BS2,yes
TCGA-TM-A84T-01A-01-TS1,yes
TCGA-RY-A845-01Z-00-DX1,yes
TCGA-DU-A76O-01Z-00-DX1,yes
TCGA-DU-6405-01Z-00-DX1,yes
TCGA-06-1087-01Z-00-DX2,no
TCGA-12-3644-01Z-00-DX2,no
TCGA-19-0957-01C-01-BS1,yes
TCGA-14-0867-01Z-00-DX3,no
TCGA-27-1836-01Z-00-DX1,no
TCGA-12-0769-01Z-00-DX5,no
TCGA-14-1453-01A-01-BS1,no
TCGA-KT-A7W1-01Z-00-DX1,yes
TCGA-06-0747-01A-01-TS1,no
TCGA-IK-8125-01Z-00-DX1,yes
TCGA-HT-7877-01Z-00-DX5,yes
TCGA-14-0813-01A-01-BS1,no
TCGA-74-6573-01A-01-BS1,no
TCGA-19-1390-01Z-00-DX1,no
TCGA-DU-A6S8-01A-01-TS1,yes
TCGA-12-1599-01Z-00-DX3,no
TCGA-HT-7620-01Z-00-DX4,yes
TCGA-28-5211-01C-01-TS1,no
TCGA-S9-A6WO-01Z-00-DX1,yes
TCGA-06-0141-01Z-00-DX1,yes
TCGA-41-5651-01Z-00-DX1,yes
TCGA-28-2513-01A-01-TS1,no
TCGA-HT-A74H-01A-01-TS1,yes
TCGA-FG-A713-01Z-00-DX2,yes
TCGA-19-5951-01A-01-TS1,no
TCGA-DB-A4XB-01A-01-TS1,yes
TCGA-TQ-A7RP-01A-02-TS2,yes
TCGA-06-2558-01A-01-BS1,yes
TCGA-02-0007-01Z-00-DX1,no
TCGA-12-0769-01Z-00-DX2,no
TCGA-41-4097-01A-01-TS1,yes
TCGA-06-0148-01A-05-BS5,no
TCGA-FG-A60L-01A-01-TSA,yes
TCGA-HT-7877-01Z-00-DX2,yes
TCGA-02-0114-01A-01-TS1,no
TCGA-19-1386-01A-01-BS1,no
TCGA-32-2638-01A-01-TS1,no
TCGA-RR-A6KC-01A-03-TSC,no
TCGA-12-0688-01Z-00-DX1,no
TCGA-S9-A6UB-01A-02-TS2,yes
TCGA-S9-A7QW-01Z-00-DX1,yes
TCGA-06-0157-01A-01-BS1,yes
TCGA-12-0818-01Z-00-DX1,no
TCGA-HT-7620-01Z-00-DX3,yes
TCGA-15-0742-01A-01-BS1,yes
TCGA-28-1751-01A-02-BS2,no
TCGA-WH-A86K-01Z-00-DX1,yes
TCGA-19-1786-01A-01-TS1,no
TCGA-76-6661-01B-01-BS1,no
TCGA-FG-A713-01Z-00-DX5,yes
TCGA-HW-A5KM-01Z-00-DX1,yes
TCGA-76-6280-01A-01-BS1,no
TCGA-12-3651-01A-01-TS1,no
TCGA-P5-A733-01A-01-TSA,yes
TCGA-06-1086-01Z-00-DX1,no
TCGA-14-1795-01Z-00-DX7,no
TCGA-TQ-A7RK-01A-01-TS1,yes
TCGA-08-0245-01A-01-TS1,no
TCGA-CS-6665-01Z-00-DX1,yes
TCGA-FG-7636-01Z-00-DX1,yes
TCGA-HT-7684-01Z-00-DX3,yes
TCGA-08-0356-01Z-00-DX1,no
TCGA-HT-7473-01Z-00-DX3,yes
TCGA-HT-7601-01Z-00-DX1,yes
TCGA-08-0348-01Z-00-DX1,no
TCGA-12-0827-01Z-00-DX3,no
TCGA-FN-7833-01A-01-TS1,yes
TCGA-06-0187-01Z-00-DX3,yes
TCGA-26-1439-01A-01-TS1,no
TCGA-HT-7470-01Z-00-DX8,yes
TCGA-HT-7860-01A-01-BS1,yes
TCGA-12-0670-01Z-00-DX2,no
TCGA-02-0052-01A-01-BS1,no
TCGA-DB-A75K-01Z-00-DX1,yes
TCGA-06-0214-01Z-00-DX2,no
TCGA-E1-A7YM-01A-01-TSA,yes
TCGA-06-0137-01B-02-BS2,no
TCGA-DH-A669-01A-01-TS1,yes
TCGA-06-0876-01A-01-BS1,no
TCGA-FG-7638-01B-01-TS1,yes
TCGA-06-0745-01A-01-BS1,yes
TCGA-14-1451-01A-01-TS1,no
TCGA-DB-5277-01Z-00-DX2,yes
TCGA-HT-7686-01Z-00-DX2,yes
TCGA-TM-A84J-01A-01-TS1,yes
TCGA-12-1089-01A-01-BS1,no
TCGA-14-1458-01Z-00-DX4,no
TCGA-S9-A7J1-01A-02-TS2,yes
TCGA-06-2566-01A-01-TS1,no
TCGA-QH-A870-01A-01-TS1,yes
TCGA-06-5412-01A-01-TS1,no
TCGA-28-5208-01A-01-BS1,yes
TCGA-02-0089-01A-01-BS1,no
TCGA-QH-A6CS-01Z-00-DX1,yes
TCGA-28-5216-01A-01-BS1,yes
TCGA-E1-5307-01A-01-TS1,yes
TCGA-FG-7643-01A-01-TS1,yes
TCGA-HT-7483-01A-01-TS1,yes
TCGA-E1-5319-01A-01-TS1,no
TCGA-HT-8106-01A-01-BS1,yes
TCGA-HT-7854-01Z-00-DX1,yes
TCGA-06-0152-01A-02-BS2,yes
TCGA-06-0128-01A-01-BS1,no
TCGA-E1-A7Z2-01A-02-TSB,yes
TCGA-12-0618-01A-01-BS1,yes
TCGA-06-0216-01Z-00-DX3,no
TCGA-02-2486-01A-01-BS1,yes
TCGA-06-0208-01Z-00-DX3,no
TCGA-06-0145-01A-03-BS3,no
TCGA-12-0775-01Z-00-DX3,no
TCGA-32-4213-01A-01-BS1,yes
TCGA-28-2514-01A-02-BS2,yes
TCGA-HT-7691-01A-01-BS1,yes
TCGA-06-0237-01Z-00-DX1,no
TCGA-DU-7301-01A-01-TS1,yes
TCGA-DU-A7TC-01A-02-TS2,yes
TCGA-HT-7478-01A-01-BS1,yes
TCGA-19-A60I-01A-01-TS1,no
TCGA-QH-A65X-01Z-00-DX1,yes
TCGA-DU-6396-01Z-00-DX1,yes
TCGA-S9-A6WQ-01Z-00-DX1,yes
TCGA-HT-7470-01Z-00-DX6,yes
TCGA-QH-A6CY-01A-01-TS1,yes
TCGA-15-1447-01Z-00-DX2,no
TCGA-06-5418-01Z-00-DX1,yes
TCGA-W9-A837-01Z-00-DX1,yes
TCGA-26-6173-01A-01-TS1,no
TCGA-VM-A8CH-01Z-00-DX6,yes
TCGA-02-0033-01A-01-BS1,no
TCGA-06-0209-01Z-00-DX7,no
TCGA-06-0750-01Z-00-DX3,yes
TCGA-HW-8320-01Z-00-DX1,yes
TCGA-FG-5965-01B-01-BS1,yes
TCGA-HT-7687-01Z-00-DX1,yes
TCGA-06-0221-01A-01-BS1,yes
TCGA-12-0775-01Z-00-DX4,no
TCGA-FG-5963-01A-01-TS1,yes
TCGA-DB-5276-01Z-00-DX1,yes
TCGA-HT-7676-01A-01-BS1,yes
TCGA-19-2631-01A-01-BS1,no
TCGA-S9-A7IZ-01Z-00-DX1,yes
TCGA-E1-5305-01A-01-BS1,yes
TCGA-E1-A7YL-01Z-00-DX1,yes
TCGA-81-5911-01Z-00-DX1,no
TCGA-HT-8104-01A-01-TS1,yes
TCGA-06-0184-01Z-00-DX1,yes
TCGA-HT-7481-01A-01-BS1,yes
TCGA-FG-6689-01Z-00-DX1,yes
TCGA-HT-7602-01Z-00-DX3,yes
TCGA-HT-7470-01Z-00-DX1,no
TCGA-RY-A83X-01A-01-TS1,yes
TCGA-HT-7856-01Z-00-DX9,yes
TCGA-06-5410-01A-01-BS1,no
TCGA-28-5214-01A-01-TS1,no
TCGA-VM-A8CH-01Z-00-DX1,yes
TCGA-12-1095-01A-01-TS1,no
TCGA-06-0750-01Z-00-DX4,yes
TCGA-06-2564-01A-01-BS1,yes
TCGA-02-0025-01Z-00-DX1,no
TCGA-DU-5874-01Z-00-DX1,yes
TCGA-E1-A7YS-01A-01-TSA,yes
TCGA-06-0119-01A-07-BS7,no
TCGA-14-1458-01Z-00-DX3,no
TCGA-S9-A7R3-01Z-00-DX1,yes
TCGA-14-1821-01Z-00-DX3,no
TCGA-41-3392-01A-01-TS1,no
TCGA-E1-A7Z6-01Z-00-DX1,yes
TCGA-FG-5965-02A-01-TS1,yes
TCGA-02-0070-01A-01-BS1,no
TCGA-15-1446-01Z-00-DX1,no
TCGA-06-6389-01A-01-TS1,no
TCGA-14-4157-01A-01-BS1,no
TCGA-06-0190-01A-01-TS1,no
TCGA-HT-8110-01Z-00-DX1,yes
TCGA-32-4211-01A-01-TS1,no
TCGA-DU-7008-01A-01-TS1,yes
TCGA-06-0216-01Z-00-DX4,no
TCGA-HT-7693-01A-01-TS1,yes
TCGA-06-0208-01Z-00-DX4,no
TCGA-DU-A7TA-01A-01-TS1,yes
TCGA-HT-7879-01A-01-BS1,yes
TCGA-12-0703-01A-02-BS2,no
TCGA-HT-7606-01Z-00-DX1,yes
TCGA-HT-A618-01A-01-TSA,yes
TCGA-08-0351-01Z-00-DX1,no
TCGA-12-0657-01Z-00-DX4,no
TCGA-27-1830-01Z-00-DX2,yes
TCGA-VM-A8C9-01Z-00-DX1,yes
TCGA-19-5954-01A-01-BS1,no
TCGA-FG-A70Y-01A-01-TS1,yes
TCGA-76-6662-01A-01-BS1,no
TCGA-CS-6186-01A-01-BS1,yes
TCGA-06-0213-01Z-00-DX2,no
TCGA-E1-A7YJ-01A-01-TSA,yes
TCGA-28-1756-01C-01-BS1,no
TCGA-DB-A75L-01Z-00-DX1,yes
TCGA-06-0147-01Z-00-DX2,no
TCGA-16-0848-01A-01-BS1,no
TCGA-32-1980-01A-01-BS1,no
TCGA-02-0055-01A-01-BS1,yes
TCGA-14-1825-01Z-00-DX1,yes
TCGA-HT-A5RA-01A-01-TS1,yes
TCGA-HT-7607-01Z-00-DX5,yes
TCGA-02-0113-01A-01-TS1,no
TCGA-06-0645-01A-01-BS1,yes
TCGA-VM-A8C8-01Z-00-DX5,yes
TCGA-DU-5851-01Z-00-DX1,yes
TCGA-12-3648-01A-01-TS1,no
TCGA-76-6192-01A-01-TS1,no
TCGA-HW-A5KJ-01Z-00-DX1,yes
TCGA-TQ-A7RF-01Z-00-DX1,yes
TCGA-CS-6668-01A-01-TS1,yes
TCGA-06-0878-01Z-00-DX2,yes
TCGA-06-0124-01Z-00-DX3,no
TCGA-HT-7882-01A-01-TS1,yes
TCGA-08-0345-01A-01-TS1,no
TCGA-14-0812-01B-01-TS1,no
TCGA-E1-A7YU-01Z-00-DX1,yes
TCGA-06-0150-01A-01-BS1,no
TCGA-12-0691-01Z-00-DX1,no
TCGA-19-1389-01Z-00-DX1,yes
TCGA-19-1787-01B-01-BS1,no
TCGA-06-0166-01Z-00-DX7,no
TCGA-06-0178-01Z-00-DX7,yes
TCGA-HT-7884-01B-01-BS1,yes
TCGA-S9-A6U6-01A-01-TS1,yes
TCGA-HT-7607-01Z-00-DX2,yes
TCGA-02-0057-01A-01-TS1,no
TCGA-HW-7486-01A-01-TS1,yes
TCGA-32-1982-01A-01-TS1,yes
TCGA-76-6660-01A-01-TS1,no
TCGA-VM-A8C8-01Z-00-DX2,yes
TCGA-DU-5847-01A-01-BS1,yes
TCGA-14-1454-01A-01-BS1,no
TCGA-02-0016-01A-01-BS1,no
TCGA-27-1831-01Z-00-DX1,yes
TCGA-QH-A6XA-01A-01-TS1,yes
TCGA-DU-6408-01A-01-TS1,yes
TCGA-DH-5141-01Z-00-DX1,yes
TCGA-26-1799-01Z-00-DX1,no
TCGA-19-5956-01A-01-TS1,no
TCGA-HT-A74O-01A-01-TS1,yes
TCGA-P5-A72U-01A-03-TS3,yes
TCGA-06-0881-01Z-00-DX2,no
TCGA-06-0124-01Z-00-DX4,no
TCGA-S9-A6WH-01Z-00-DX1,yes
TCGA-CS-4942-01Z-00-DX1,yes
TCGA-06-0158-01Z-00-DX1,yes
TCGA-12-0691-01Z-00-DX6,no
TCGA-S9-A6TZ-01Z-00-DX1,yes
TCGA-HT-7880-01A-01-BS1,yes
TCGA-12-0662-01A-01-TS1,no
TCGA-06-1802-01Z-00-DX2,no
TCGA-08-0359-01A-01-BS1,no
TCGA-HT-7610-01A-01-BS1,yes
TCGA-E1-5322-01A-01-TS1,no
TCGA-08-0347-01A-01-BS1,no
TCGA-FG-A4MU-01B-01-TS1,yes
TCGA-12-0657-01Z-00-DX3,no
TCGA-41-2571-01Z-00-DX1,yes
TCGA-06-0206-01A-01-TS1,no
TCGA-76-6285-01A-01-TS1,no
TCGA-VM-A8C9-01Z-00-DX6,yes
TCGA-14-1450-01B-01-BS1,no
TCGA-12-0780-01A-01-BS1,no
TCGA-02-0001-01Z-00-DX2,no
TCGA-DU-6402-01Z-00-DX1,yes
TCGA-26-5135-01Z-00-DX1,yes
TCGA-27-2526-01Z-00-DX1,yes
TCGA-DH-A7UV-01Z-00-DX1,yes
TCGA-06-0213-01Z-00-DX5,no
TCGA-06-0879-01Z-00-DX1,no
TCGA-14-1401-01Z-00-DX1,no
TCGA-32-2495-01A-01-TS1,no
TCGA-32-1979-01A-01-BS1,no
TCGA-HT-7468-01Z-00-DX5,yes
TCGA-HW-A5KK-01A-01-TSA,yes
TCGA-12-0822-01Z-00-DX5,no
TCGA-02-0069-01A-01-BS1,no
TCGA-02-0086-01Z-00-DX1,no
TCGA-S9-A7R4-01Z-00-DX1,yes
TCGA-VM-A8CE-01A-01-TS1,yes
TCGA-02-0003-01Z-00-DX3,no
TCGA-27-1832-01Z-00-DX4,yes
TCGA-12-1098-01Z-00-DX1,no
TCGA-06-0127-01Z-00-DX1,no
TCGA-26-1443-01A-01-BS1,no
TCGA-DU-7304-01A-01-BS1,yes
TCGA-DU-7011-01A-01-TS1,yes
TCGA-02-2466-01A-01-BS1,no
TCGA-14-0789-01Z-00-DX7,yes
TCGA-HT-7694-01A-01-TS1,yes
TCGA-DH-A66B-01Z-00-DX1,yes
TCGA-TM-A84F-01Z-00-DX2,yes
TCGA-32-4208-01A-01-TS1,no
TCGA-FG-A60J-01Z-00-DX1,yes
TCGA-HT-8109-01Z-00-DX1,yes
TCGA-06-0189-01A-01-TS1,no
TCGA-12-0692-01Z-00-DX3,no
TCGA-28-1745-01Z-00-DX1,no
TCGA-12-0829-01A-01-TS1,no
TCGA-HT-A5R7-01A-01-TS1,yes
TCGA-06-6390-01A-01-TS1,no
TCGA-06-0145-01Z-00-DX4,no
TCGA-HT-7605-01Z-00-DX3,yes
TCGA-HT-7477-01Z-00-DX1,yes
TCGA-FG-6690-01Z-00-DX1,yes
TCGA-HT-7469-01Z-00-DX1,yes
TCGA-E1-A7YK-01Z-00-DX1,yes
TCGA-DU-6399-01A-01-BS1,yes
TCGA-E1-5302-01A-01-BS1,yes
TCGA-DB-A75M-01A-01-TSA,yes
TCGA-DB-5280-01A-01-BS1,yes
TCGA-02-2483-01A-01-TS1,yes
TCGA-VM-A8C9-01Z-00-DX8,yes
TCGA-19-0955-01A-01-BS1,no
TCGA-FG-5964-01A-01-TS1,yes
TCGA-12-0772-01Z-00-DX4,no
TCGA-HT-8010-01Z-00-DX1,yes
TCGA-06-0238-01A-01-BS1,yes
TCGA-06-0749-01Z-00-DX4,yes
TCGA-06-6697-01A-01-BS1,no
TCGA-06-2563-01A-01-BS1,yes
TCGA-HT-A619-01Z-00-DX1,yes
TCGA-12-0616-01Z-00-DX5,yes
TCGA-28-5213-01A-01-TS1,yes
TCGA-R8-A6MK-01Z-00-DXB,yes
TCGA-06-5417-01A-01-BS1,no
TCGA-P5-A735-01Z-00-DX1,yes
TCGA-FG-A6J3-01Z-00-DX2,yes
TCGA-12-0654-01Z-00-DX1,no
TCGA-HT-7605-01Z-00-DX4,yes
TCGA-14-1037-01A-01-BS1,no
TCGA-08-0380-01A-01-TS1,no
TCGA-DU-7306-01A-01-TS1,yes
TCGA-HT-8018-01A-01-BS1,yes
TCGA-DU-7013-01A-01-BS1,yes
TCGA-HT-7688-01A-01-BS1,yes
TCGA-DB-5279-01A-01-BS1,yes
TCGA-12-0772-01Z-00-DX3,no
TCGA-19-2620-01Z-00-DX1,yes
TCGA-12-1099-01Z-00-DX2,no
TCGA-06-0138-01Z-00-DX2,yes
TCGA-FG-5962-01B-01-BS1,yes
TCGA-06-0749-01Z-00-DX3,yes
TCGA-06-0126-01Z-00-DX2,no
TCGA-DB-A4X9-01Z-00-DX1,yes
TCGA-CS-5396-01Z-00-DX1,yes
TCGA-02-0034-01A-01-BS1,no
TCGA-TM-A84G-01Z-00-DX1,yes
TCGA-12-0616-01Z-00-DX2,yes
TCGA-DU-8167-01Z-00-DX1,yes
TCGA-R8-A6MK-01Z-00-DXE,yes
TCGA-FG-A60K-01Z-00-DX2,yes
TCGA-02-0075-01A-01-TS1,no
TCGA-FG-A6J3-01Z-00-DX5,yes
TCGA-14-1402-01Z-00-DX3,no
TCGA-12-0822-01Z-00-DX2,no
TCGA-HT-7468-01Z-00-DX2,yes
TCGA-HT-7476-01Z-00-DX2,yes
TCGA-06-5415-01A-01-TS1,no
TCGA-06-6695-01A-01-TS1,no
TCGA-12-1090-01A-01-BS1,no
TCGA-TM-A84M-01A-01-TS1,yes
TCGA-HT-7681-01Z-00-DX2,yes
TCGA-27-1832-01Z-00-DX3,yes
TCGA-DB-5270-01Z-00-DX2,yes
TCGA-14-0740-01B-01-TS1,no
TCGA-19-5960-01Z-00-DX1,yes
TCGA-28-1753-01A-01-BS1,no
TCGA-15-1449-01A-01-BS1,no
TCGA-12-0692-01Z-00-DX4,no
TCGA-06-0145-01Z-00-DX3,no
TCGA-R8-A6MK-01Z-00-DX4,yes
TCGA-HT-7607-01Z-00-DX14,yes
TCGA-VM-A8CF-01Z-00-DX1,yes
TCGA-CS-5397-01A-01-BS1,no
TCGA-DB-A64R-01Z-00-DX1,yes
TCGA-S9-A7R7-01A-01-TS1,yes
TCGA-28-5204-01A-01-TS1,yes
TCGA-4W-AA9T-01A-01-TSA,no
TCGA-12-0707-01Z-00-DX1,no
TCGA-14-3476-01B-01-BS1,no
TCGA-HT-7882-01Z-00-DX3,yes
TCGA-06-0165-01A-01-BS1,no
TCGA-28-1746-01A-01-TS1,no
TCGA-HT-8114-01A-01-TS1,yes
TCGA-14-0866-01B-01-BS1,no
TCGA-12-3648-01Z-00-DX3,no
TCGA-TQ-A7RQ-01Z-00-DX1,yes
TCGA-DB-5278-01Z-00-DX1,yes
TCGA-DU-7012-01Z-00-DX1,yes
TCGA-06-0124-01A-01-TS1,no
TCGA-HT-7689-01Z-00-DX1,yes
TCGA-06-0206-01Z-00-DX4,no
TCGA-DU-7018-01A-01-TS1,yes
TCGA-HT-8013-01A-01-TS1,yes
TCGA-06-0130-01Z-00-DX1,no
TCGA-DU-7006-01A-01-TS1,yes
TCGA-12-0662-01Z-00-DX4,no
TCGA-P5-A72Z-01Z-00-DX1,yes
TCGA-06-0152-01Z-00-DX4,yes
TCGA-12-0820-01A-01-TS1,no
TCGA-16-1062-01A-01-BS1,no
TCGA-28-1752-01Z-00-DX1,no
TCGA-19-A6J5-01Z-00-DX1,no
TCGA-FG-8187-01A-01-TS1,yes
TCGA-HT-7474-01A-01-TS1,yes
TCGA-02-0060-01A-01-BS1,no
TCGA-06-0195-01Z-00-DX5,no
TCGA-76-4934-01A-01-BS1,no
TCGA-HT-7688-01Z-00-DX5,yes
TCGA-DB-5280-01Z-00-DX2,yes
TCGA-12-1091-01Z-00-DX1,no
TCGA-VV-A829-01Z-00-DX3,yes
TCGA-76-6657-01A-01-BS1,no
TCGA-DU-5870-01A-01-TS1,yes
TCGA-02-0021-01A-01-TS1,no
TCGA-02-0034-01Z-00-DX2,no
TCGA-06-0206-01Z-00-DX3,no
TCGA-19-2623-01A-01-TS1,no
TCGA-12-0616-01A-01-BS1,no
TCGA-VM-A8CD-01Z-00-DX9,yes
TCGA-06-0138-01A-01-BS1,yes
TCGA-DB-A64S-01Z-00-DX2,yes
TCGA-26-1442-01Z-00-DX1,yes
TCGA-06-0126-01A-01-BS1,no
TCGA-12-0662-01Z-00-DX3,no
TCGA-DU-6392-01A-01-TS1,yes
TCGA-06-0152-01Z-00-DX3,yes
TCGA-12-0657-01A-01-TS1,no
TCGA-02-0099-01A-01-BS1,no
TCGA-28-5218-01A-01-BS1,yes
TCGA-19-4065-01A-01-TS1,no
TCGA-06-0195-01Z-00-DX2,no
TCGA-02-0068-01Z-00-DX1,no
TCGA-14-1037-01Z-00-DX2,no
TCGA-32-2616-01A-01-BS1,no
TCGA-DU-8164-01A-01-TS1,yes
TCGA-12-1099-01A-01-BS1,no
TCGA-CS-5395-01A-01-TS1,no
TCGA-HT-7688-01Z-00-DX2,yes
TCGA-DB-5279-01Z-00-DX2,yes
TCGA-CS-4938-01B-01-BS1,no
TCGA-14-1395-01B-01-TS1,no
TCGA-R8-A6MK-01Z-00-DX3,yes
TCGA-HT-7607-01Z-00-DX13,yes
TCGA-VM-A8CF-01Z-00-DX6,yes
TCGA-27-2519-01A-01-TS1,yes
TCGA-DU-5872-01A-01-BS1,yes
TCGA-P5-A5F4-01A-01-TSA,yes
TCGA-06-5416-01Z-00-DX1,no
TCGA-QH-A6CW-01A-01-TS1,yes
TCGA-15-1449-01Z-00-DX2,no
TCGA-16-1460-01A-01-BS1,no
TCGA-DB-A4XG-01A-01-TSA,yes
TCGA-06-5408-01Z-00-DX1,yes
TCGA-FG-A6J1-01A-01-TS1,yes
TCGA-HT-7882-01Z-00-DX4,yes
TCGA-12-0822-01A-01-BS1,no
TCGA-QH-A65V-01Z-00-DX1,yes
TCGA-HT-7468-01A-01-BS1,yes
TCGA-FG-8185-01A-01-BS1,yes
TCGA-HT-7476-01A-01-BS1,yes
TCGA-06-0173-01Z-00-DX1,no
TCGA-FG-6691-01A-01-BS1,yes
TCGA-FG-A87N-01A-01-TS1,yes
TCGA-08-0389-01A-01-TS1,no
TCGA-16-1060-01A-01-TS1,no
TCGA-HT-8011-01A-01-BS1,yes
TCGA-DU-A5TR-01Z-00-DX1,yes
TCGA-HT-7681-01A-01-BS1,yes
TCGA-DB-5270-01A-01-BS1,yes
TCGA-QH-A86X-01A-01-TS1,yes
TCGA-DB-5281-01Z-00-DX1,yes
TCGA-QH-A6X4-01Z-00-DX1,yes
TCGA-12-1090-01Z-00-DX2,no
TCGA-19-2629-01Z-00-DX1,yes
TCGA-P5-A77W-01Z-00-DX1,yes
TCGA-VM-A8CD-01Z-00-DX7,yes
TCGA-06-0213-01A-01-BS1,no
TCGA-TQ-A7RO-01Z-00-DX1,yes
TCGA-19-0960-01A-01-BS1,no
TCGA-FG-A70Z-01Z-00-DX1,yes
TCGA-FG-A4MT-02Z-00-DX6,yes
TCGA-08-0352-01A-01-TS1,no
TCGA-HT-7605-01A-01-TS1,yes
TCGA-19-1788-01A-01-TS1,no
TCGA-06-0159-01A-01-BS1,no
TCGA-DU-A7TB-01Z-00-DX1,yes
TCGA-S9-A7QY-01Z-00-DX1,yes
TCGA-CS-4943-01A-01-BS1,no
TCGA-06-0147-01A-01-BS1,no
TCGA-06-0188-01Z-00-DX7,no
TCGA-02-0104-01A-01-TS1,no
TCGA-HT-7879-01Z-00-DX2,yes
TCGA-19-1388-01A-01-BS1,no
TCGA-DH-5140-01A-01-BS1,yes
TCGA-CS-6290-01Z-00-DX1,yes
TCGA-06-6701-01A-01-BS1,no
TCGA-27-1830-01A-01-BS1,yes
TCGA-02-0009-01Z-00-DX1,no
TCGA-14-1455-01Z-00-DX1,no
TCGA-DB-A64L-01Z-00-DX1,yes
TCGA-DB-A4XG-01Z-00-DX2,yes
TCGA-HT-8563-01Z-00-DX1,yes
TCGA-06-0878-01A-01-BS1,no
TCGA-02-0003-01A-01-TS1,no
TCGA-27-2527-01A-01-BS1,no
TCGA-S9-A7J0-01Z-00-DX1,yes
TCGA-DU-5852-01A-01-TS1,yes
TCGA-VM-A8CE-01Z-00-DX3,yes
TCGA-DU-6403-01A-01-BS1,yes
TCGA-VM-A8CF-01Z-00-DX8,yes
TCGA-26-5134-01A-01-BS1,yes
TCGA-06-1800-01A-01-TS1,no
TCGA-HT-A5RB-01Z-00-DX1,yes
TCGA-06-0197-01Z-00-DX3,no
TCGA-06-0189-01Z-00-DX3,no
TCGA-12-0692-01A-01-TS1,no
TCGA-DB-A64S-01A-01-TSA,yes
TCGA-HT-7611-01Z-00-DX1,yes
TCGA-08-0346-01Z-00-DX1,no
TCGA-HT-7881-01Z-00-DX1,yes
TCGA-08-0358-01Z-00-DX1,no
TCGA-FG-7638-01Z-00-DX1,yes
TCGA-12-0778-01Z-00-DX6,no
TCGA-HT-7694-01Z-00-DX3,yes
TCGA-DU-7292-01A-01-BS1,yes
TCGA-28-2501-01A-01-BS1,no
TCGA-S9-A6U1-01A-02-TSB,yes
TCGA-DH-5142-01A-01-TS1,yes
TCGA-TQ-A7RN-01Z-00-DX2,yes
TCGA-VM-A8CE-01Z-00-DX4,yes
TCGA-06-0881-01A-01-BS1,no
TCGA-06-5859-01A-01-TS1,yes
TCGA-02-0006-01B-01-TS2,no
TCGA-27-1832-01A-01-TS1,yes
TCGA-DU-8158-01A-01-TS1,yes
TCGA-06-0743-01Z-00-DX1,yes
TCGA-32-2634-01A-01-BS1,yes
TCGA-S9-A6U5-01Z-00-DX1,yes
TCGA-DU-A5TS-01A-01-TSA,yes
TCGA-02-0054-01Z-00-DX1,no
TCGA-S9-A7R2-01A-02-TS2,yes
TCGA-QH-A6X5-01A-01-TSA,yes
TCGA-32-1970-01A-01-BS1,yes
TCGA-HT-7607-01A-01-BS1,yes
TCGA-08-0350-01A-01-BS1,no
TCGA-06-0189-01Z-00-DX4,no
TCGA-CS-4941-01A-01-TS1,yes
TCGA-06-0145-01A-01-TS1,no
TCGA-DU-6407-02A-01-TS1,yes
TCGA-HT-7694-01Z-00-DX4,yes
TCGA-06-0211-01A-01-TS1,no
TCGA-HT-A74L-01Z-00-DX1,yes
TCGA-12-0778-01Z-00-DX1,no
TCGA-19-5955-01Z-00-DX1,no
TCGA-14-1454-01Z-00-DX2,no
TCGA-DB-A4XF-01Z-00-DX1,yes
TCGA-14-0790-01B-01-BS1,yes
TCGA-12-0772-01A-01-TS1,no
TCGA-DU-7290-01A-01-TS1,yes
TCGA-14-0783-01Z-00-DX2,no
TCGA-41-2572-01A-01-TS1,no
TCGA-FG-A4MT-02Z-00-DX1,yes
TCGA-S9-A6TS-01Z-00-DX1,yes
TCGA-FG-A4MX-01A-01-TS1,yes
TCGA-06-0644-01Z-00-DX1,yes
TCGA-19-1790-01B-01-BS1,no
TCGA-HT-7880-01Z-00-DX2,yes
TCGA-06-1802-01A-01-BS1,no
TCGA-HT-7610-01Z-00-DX2,yes
TCGA-14-1402-01A-01-TS1,no
TCGA-HW-7491-01A-01-TS1,yes
TCGA-06-0749-01A-01-TS1,no
TCGA-WY-A85B-01Z-00-DX1,yes
TCGA-DH-A7UU-01A-01-TS1,yes
TCGA-27-1838-01Z-00-DX1,no
TCGA-12-0780-01Z-00-DX2,no
TCGA-DU-A76K-01A-01-TS1,yes
TCGA-DU-6401-01A-01-TS1,yes
TCGA-14-3477-01A-01-TS1,no
TCGA-19-4068-01Z-00-DX1,no
TCGA-06-5411-01Z-00-DX1,yes
TCGA-12-0654-01B-01-TS1,no
TCGA-S9-A89V-01Z-00-DX1,yes
TCGA-12-0618-01Z-00-DX2,yes
TCGA-DU-A76R-01A-01-TS1,yes
TCGA-R8-A6MO-01Z-00-DX8,yes
TCGA-VM-A8CA-01Z-00-DX6,yes
TCGA-TM-A84I-01Z-00-DX1,yes
TCGA-14-0867-01A-01-TS1,no
TCGA-06-0128-01Z-00-DX2,no
TCGA-R8-A6ML-01Z-00-DX3,yes
TCGA-06-0747-01Z-00-DX3,yes
TCGA-76-4931-01A-01-TS1,yes
TCGA-TM-A7C5-01Z-00-DX1,yes
TCGA-QH-A6X3-01Z-00-DX1,yes
TCGA-12-1097-01Z-00-DX2,no
TCGA-HT-7677-01Z-00-DX1,yes
TCGA-12-1089-01Z-00-DX2,no
TCGA-DB-5277-01A-01-BS1,yes
TCGA-WY-A859-01A-01-TS1,yes
TCGA-HT-7686-01A-01-BS1,yes
TCGA-DU-A5TU-01Z-00-DX1,yes
TCGA-12-3651-01Z-00-DX4,no
TCGA-06-0174-01Z-00-DX1,yes
TCGA-HT-7857-01A-01-TS1,yes
TCGA-FG-8182-01A-01-BS1,yes
TCGA-12-1599-01A-01-TS1,no
TCGA-HT-7471-01A-01-BS1,yes
TCGA-FG-6688-01A-01-BS1,yes
TCGA-08-0390-01A-01-TS1,no
TCGA-81-5910-01A-01-BS1,no
TCGA-HT-7480-01Z-00-DX1,yes
TCGA-06-0185-01A-01-BS1,no
TCGA-HT-8111-01A-01-BS1,yes
TCGA-08-0375-01A-01-BS1,no
TCGA-DU-6395-01A-01-TS1,yes
TCGA-06-0160-01A-01-TS1,no
TCGA-WY-A85D-01A-01-TSA,yes
TCGA-06-0145-01A-02-BS2,no
TCGA-15-1447-01A-01-BS1,no
TCGA-DU-7302-01Z-00-DX1,yes
TCGA-14-1396-01A-01-TS1,no
TCGA-06-0137-01Z-00-DX6,no
TCGA-41-6646-01A-01-BS1,no
TCGA-19-2624-01A-01-TS1,yes
TCGA-HT-7691-01Z-00-DX2,yes
TCGA-S9-A6TU-01A-01-TSA,yes
TCGA-TM-A84C-01A-01-TS1,yes
TCGA-06-0221-01Z-00-DX5,yes
TCGA-DU-8163-01A-01-TS1,yes
TCGA-14-1451-01Z-00-DX4,no
TCGA-02-0071-01Z-00-DX1,no
TCGA-R8-A6YH-01A-02-TS2,yes
TCGA-06-0192-01Z-00-DX2,no
TCGA-16-1063-01B-01-TS1,no
TCGA-02-0080-01A-01-BS1,no
TCGA-QH-A6CZ-01Z-00-DX1,yes
TCGA-06-0650-01A-02-BS2,no
TCGA-HT-7473-01A-01-TS1,no
TCGA-HT-7855-01A-01-BS1,yes
TCGA-28-1755-01Z-00-DX1,no
TCGA-12-0827-01A-01-TS1,no
TCGA-HT-A5R9-01A-01-TS1,yes
TCGA-41-3915-01A-01-BS1,yes
TCGA-08-0392-01A-01-BS1,no
TCGA-06-0187-01A-01-TS1,yes
TCGA-E1-A7YO-01A-01-TS1,yes
TCGA-HT-8107-01Z-00-DX1,yes
TCGA-TM-A84H-01Z-00-DX2,yes
TCGA-S9-A7IY-01A-01-TS1,yes
TCGA-12-0619-01Z-00-DX1,yes
TCGA-DB-5275-01A-01-TS1,yes
TCGA-28-2499-01A-01-BS1,no
TCGA-HT-7684-01A-01-TS1,yes
TCGA-06-0129-01Z-00-DX1,yes
TCGA-12-1088-01Z-00-DX1,no
TCGA-12-1096-01Z-00-DX1,no
TCGA-P5-A781-01Z-00-DX1,yes
TCGA-14-1451-01Z-00-DX3,no
TCGA-06-0221-01Z-00-DX2,yes
TCGA-28-1745-01B-01-TS1,no
TCGA-HT-7482-01Z-00-DX9,yes
TCGA-12-0656-01B-01-BS1,no
TCGA-02-0079-01A-01-BS1,no
TCGA-HT-7481-01Z-00-DX2,yes
TCGA-06-0686-01Z-00-DX1,no
TCGA-HT-7477-01B-01-TS1,yes
TCGA-DB-A64U-01Z-00-DX1,yes
TCGA-14-1794-01A-01-TS1,no
TCGA-VM-A8CA-01Z-00-DX1,yes
TCGA-CS-5390-01A-01-BS1,no
TCGA-HW-8321-01A-01-BS1,yes
TCGA-HT-A617-01Z-00-DX1,yes
TCGA-06-0128-01Z-00-DX5,no
TCGA-14-0786-01Z-00-DX3,no
TCGA-06-6699-01A-01-BS1,no
TCGA-06-0747-01Z-00-DX4,yes
TCGA-TQ-A8XE-02Z-00-DX1,yes
TCGA-R8-A6ML-01Z-00-DX4,yes
TCGA-DU-7015-01Z-00-DX1,yes
TCGA-HT-7690-01Z-00-DX1,yes
TCGA-HT-7677-01Z-00-DX6,yes
TCGA-TQ-A7RV-01Z-00-DX1,yes
TCGA-S9-A7IS-01Z-00-DX1,yes
TCGA-DH-A66F-01A-01-TS1,yes
TCGA-12-3651-01Z-00-DX3,no
TCGA-HT-8113-01A-01-TS1,yes
TCGA-E1-A7YE-01Z-00-DX1,yes
TCGA-14-1829-01Z-00-DX7,yes
TCGA-DU-6397-01A-01-BS1,yes
TCGA-HT-7608-01Z-00-DX8,yes
TCGA-HT-7620-01A-01-TS1,yes
TCGA-S9-A6WI-01A-02-TS2,yes
TCGA-HT-7467-01Z-00-DX1,yes
TCGA-HT-7479-01Z-00-DX1,yes
TCGA-19-A60I-01Z-00-DX3,no
TCGA-HT-7875-01A-01-TS1,yes
TCGA-12-0819-01A-01-BS1,no
TCGA-06-0148-01Z-00-DX1,no
TCGA-41-2575-01A-01-TS1,no
TCGA-12-0775-01A-01-TS1,no
TCGA-19-5958-01A-01-TS1,no
TCGA-DU-A76L-01A-01-TS1,yes
TCGA-12-3653-01Z-00-DX2,yes
TCGA-06-0750-01A-01-TS1,yes
TCGA-DU-5849-01A-01-BS1,yes
TCGA-WY-A85E-01Z-00-DX1,yes
TCGA-DH-A7UR-01A-01-TS1,yes
TCGA-HT-7482-01Z-00-DX7,yes
TCGA-HT-A4DV-01Z-00-DX1,yes
TCGA-02-0047-01A-01-TS1,yes
TCGA-14-1823-01A-01-BS1,yes
TCGA-06-1805-01A-01-BS1,no
TCGA-HT-7609-01Z-00-DX2,yes
TCGA-DU-6404-02B-01-TS1,yes
TCGA-19-1387-01Z-00-DX1,no
TCGA-FG-A4MU-01Z-00-DX1,yes
TCGA-32-1977-01A-01-BS1,no
TCGA-S9-A6U2-01Z-00-DX1,yes
TCGA-74-6581-01A-01-TS1,no
TCGA-06-0157-01Z-00-DX5,yes
TCGA-R8-A6MO-01Z-00-DX1,yes
TCGA-06-0744-01Z-00-DX1,yes
TCGA-06-0877-01Z-00-DX1,no
TCGA-27-2528-01Z-00-DX1,yes
TCGA-27-1835-01A-01-TS1,yes
TCGA-VM-A8CB-01Z-00-DX4,yes
TCGA-HT-7677-01Z-00-DX8,yes
TCGA-14-1453-01Z-00-DX2,no
TCGA-DB-A4XA-01Z-00-DX1,yes
TCGA-19-5952-01Z-00-DX1,no
TCGA-FG-7637-01A-01-BS1,yes
TCGA-06-0216-01A-01-TS1,no
TCGA-06-1087-01A-01-BS1,no
TCGA-HT-A74K-01Z-00-DX1,yes
TCGA-12-3644-01A-01-BS1,no
TCGA-06-0208-01A-01-TS1,no
TCGA-HT-7608-01Z-00-DX6,yes
TCGA-HT-7483-01Z-00-DX3,yes
TCGA-08-0349-01A-01-BS1,no
TCGA-P5-A5EW-01A-01-TSA,yes
TCGA-14-0813-01Z-00-DX2,no
TCGA-14-1821-01A-01-TS1,no
TCGA-06-0148-01A-04-BS4,no
TCGA-16-0846-01A-01-BS1,yes
TCGA-74-6578-01A-01-TS1,no
TCGA-06-0157-01Z-00-DX2,yes
TCGA-15-0742-01Z-00-DX2,yes
TCGA-26-5133-01A-01-BS1,yes
TCGA-19-0963-01B-01-BS1,no
TCGA-VM-A8CA-01Z-00-DX8,yes
TCGA-DU-6404-01A-01-BS1,yes
TCGA-R8-A6MO-01Z-00-DX6,yes
TCGA-06-0210-01B-01-BS1,no
TCGA-CS-6188-01A-01-BS1,yes
TCGA-VM-A8CB-01Z-00-DX3,yes
TCGA-DU-5855-01A-01-TS1,yes
TCGA-HT-8564-01Z-00-DX1,yes
TCGA-14-1458-01A-01-TS1,no
TCGA-12-3652-01Z-00-DX1,yes
TCGA-12-0769-01A-01-BS1,no
TCGA-19-1389-02A-01-BS1,yes
TCGA-4W-AA9R-01Z-00-DX1,no
TCGA-28-2506-01A-01-BS1,no
TCGA-HT-7693-01Z-00-DX3,yes
TCGA-HT-A61A-01Z-00-DX1,yes
TCGA-12-1602-01Z-00-DX1,no
TCGA-HT-A616-01A-01-TSA,yes
TCGA-12-0703-01Z-00-DX3,no
TCGA-HT-7608-01Z-00-DX1,yes
TCGA-HT-7483-01Z-00-DX4,yes
TCGA-HT-7616-01Z-00-DX1,yes
TCGA-02-0046-01A-01-TS2,no
TCGA-HT-7877-01A-01-BS1,yes
TCGA-06-0241-01Z-00-DX1,no
TCGA-CS-4944-01A-01-BS1,yes
TCGA-06-0140-01A-01-BS1,no
TCGA-19-1791-01A-01-TS1,no
TCGA-19-A60I-01Z-00-DX4,no
TCGA-P5-A780-01A-01-TSA,yes
TCGA-08-0355-01A-01-TS1,no
TCGA-06-0876-01Z-00-DX2,no
TCGA-CS-6666-01A-01-TS1,no
TCGA-TQ-A7RH-01Z-00-DX1,yes
TCGA-08-0246-01Z-00-DX1,no
TCGA-06-0214-01A-01-BS1,no
TCGA-12-3646-01A-01-TS1,no
TCGA-06-0137-01Z-00-DX8,no
TCGA-14-1452-01Z-00-DX1,no
TCGA-02-0010-01Z-00-DX1,no
TCGA-27-1837-01A-01-BS1,yes
TCGA-DU-6542-01A-01-TS1,yes
TCGA-06-0939-01A-01-TS1,no
TCGA-12-1095-01Z-00-DX3,no
TCGA-28-2502-01B-01-BS1,no
TCGA-HT-7873-01B-01-BS1,yes
TCGA-HT-7609-01Z-00-DX5,yes
TCGA-HT-7860-01Z-00-DX2,yes
TCGA-CS-5396-01A-01-BS1,yes
TCGA-DB-A64S-01Z-00-DX1,yes
TCGA-02-0034-01Z-00-DX1,no
TCGA-19-A6J5-01Z-00-DX5,no
TCGA-32-2615-01A-01-TS1,yes
TCGA-32-4719-01A-01-BS1,no
TCGA-02-0084-01A-01-TS1,no
TCGA-14-1037-01Z-00-DX1,no
TCGA-06-0195-01Z-00-DX1,no
TCGA-S9-A7J0-01A-01-TSA,yes
TCGA-S9-A6WO-01A-02-TS2,yes
TCGA-HT-A5R5-01Z-00-DX1,yes
TCGA-12-0620-01Z-00-DX3,no
TCGA-DB-5279-01Z-00-DX1,yes
TCGA-HT-7688-01Z-00-DX1,yes
TCGA-06-0125-01A-01-TS1,yes
TCGA-DU-7013-01Z-00-DX1,yes
TCGA-HT-8018-01Z-00-DX1,yes
TCGA-19-2620-01A-01-BS1,yes
TCGA-12-0615-01A-01-TS1,no
TCGA-02-0024-01B-01-TS1,no
TCGA-12-3649-01Z-00-DX3,no
TCGA-TQ-A7RP-01Z-00-DX1,yes
TCGA-19-5960-01A-01-BS1,yes
TCGA-VM-A8CF-01Z-00-DX5,yes
TCGA-HT-8012-01A-01-TS1,yes
TCGA-DU-7019-01A-01-TS1,yes
TCGA-HT-7607-01Z-00-DX10,yes
TCGA-DB-5273-01A-01-TS1,yes
TCGA-DU-7007-01A-01-TS1,yes
TCGA-02-2470-01A-01-BS1,no
TCGA-16-0861-01A-01-TS2,no
TCGA-12-0821-01A-01-TS1,yes
TCGA-DB-A64L-01A-01-TSA,yes
TCGA-HT-7475-01A-01-TS1,yes
TCGA-FG-8186-01A-01-TS1,yes
TCGA-15-1449-01Z-00-DX1,no
TCGA-FG-6692-01A-01-TS1,yes
TCGA-19-A6J4-01Z-00-DX1,no
TCGA-TQ-A8XE-01Z-00-DX1,yes
TCGA-KT-A74X-01Z-00-DX3,yes
TCGA-06-0173-01Z-00-DX2,no
TCGA-14-0817-01Z-00-DX3,yes
TCGA-06-1806-01A-02-BS2,no
TCGA-TQ-A7RV-02Z-00-DX1,yes
TCGA-P5-A737-01A-01-TS1,yes
TCGA-12-0707-01Z-00-DX5,no
TCGA-12-1090-01Z-00-DX1,no
TCGA-DB-5281-01Z-00-DX2,yes
TCGA-DU-5871-01A-01-TS1,yes
TCGA-DU-A7TB-01A-01-TSA,yes
TCGA-76-6656-01A-01-BS1,no
TCGA-76-4935-01A-01-BS1,no
TCGA-DU-7304-01Z-00-DX1,yes
TCGA-DU-A5TY-01A-01-TS1,yes
TCGA-VM-A8CF-01Z-00-DX2,yes
TCGA-06-0127-01A-01-BS1,no
TCGA-26-1443-01Z-00-DX1,no
TCGA-HT-7607-01Z-00-DX17,yes
TCGA-14-0865-01B-01-TS1,no
TCGA-VM-A8CE-01Z-00-DX9,yes
TCGA-02-0026-01B-01-BS1,no
TCGA-R8-A6MK-01Z-00-DX7,yes
TCGA-HT-8109-01A-01-BS1,yes
TCGA-DU-6393-01A-01-TS1,yes
TCGA-12-0656-01A-01-TS1,no
TCGA-02-0085-01A-01-TS2,no
TCGA-06-0178-01A-01-TS1,yes
TCGA-06-0166-01A-01-TS1,no
TCGA-WY-A85B-01A-01-TSA,yes
TCGA-S9-A89Z-01A-01-TS1,yes
TCGA-02-0069-01Z-00-DX1,no
TCGA-06-0646-01Z-00-DX3,yes
TCGA-28-5219-01A-01-BS1,no
TCGA-02-0086-01A-01-BS1,no
TCGA-12-0707-01Z-00-DX2,no
TCGA-28-5207-01A-01-BS1,yes
TCGA-HT-7689-01Z-00-DX2,yes
TCGA-CS-5394-01A-01-TS1,no
TCGA-DB-5278-01Z-00-DX2,yes
TCGA-06-2569-01A-01-TS1,yes
TCGA-DU-8165-01A-01-TS1,yes
TCGA-27-2518-01A-01-TS1,no
TCGA-TM-A84O-01Z-00-DX1,yes
TCGA-06-0130-01Z-00-DX2,yes
TCGA-TM-A7C3-01Z-00-DX1,yes
TCGA-76-4929-01A-01-TS1,yes
TCGA-QH-A6CV-01A-01-TS1,yes
TCGA-S9-A7IQ-01A-02-TSB,yes
TCGA-19-A6J5-01Z-00-DX2,no
TCGA-06-5417-01Z-00-DX1,no
TCGA-VW-A7QS-01A-01-TSA,yes
TCGA-DB-A4XF-01A-01-TSA,yes
TCGA-06-0152-01Z-00-DX7,yes
TCGA-HT-7469-01A-01-BS1,yes
TCGA-S9-A6UB-01Z-00-DX1,yes
TCGA-FG-6690-01A-01-BS1,yes
TCGA-DU-6399-01Z-00-DX1,yes
TCGA-14-2555-01B-01-TS1,no
TCGA-06-0154-01A-03-BS3,no
TCGA-HT-7688-01Z-00-DX6,yes
TCGA-12-1091-01Z-00-DX2,no
TCGA-DB-5280-01Z-00-DX1,yes
TCGA-QH-A6X5-01Z-00-DX1,yes
TCGA-06-0238-01Z-00-DX1,yes
TCGA-DU-A5TS-01Z-00-DX1,yes
TCGA-S9-A6U5-01A-01-TSA,yes
TCGA-HT-8010-01A-01-BS1,yes
TCGA-19-0955-01Z-00-DX1,no
TCGA-26-1799-01A-01-BS1,no
TCGA-FG-8189-01B-01-TSA,yes
TCGA-R8-A6MK-01Z-00-DX9,yes
TCGA-VM-A8CE-01Z-00-DX7,yes
TCGA-TQ-A7RN-01Z-00-DX1,yes
TCGA-06-0158-01A-01-BS1,yes
TCGA-DU-A7TC-01Z-00-DX1,yes
TCGA-15-1444-01A-02-BS2,yes
TCGA-19-1789-01A-01-TS1,no
TCGA-CS-4942-01A-01-BS1,yes
TCGA-HT-7858-01Z-00-DX4,yes
TCGA-S9-A7QX-01Z-00-DX1,yes
TCGA-HT-7604-01A-01-TS1,yes
TCGA-08-0353-01A-01-TS1,no
TCGA-HT-7881-01Z-00-DX5,yes
TCGA-32-1973-01A-01-TS1,no
TCGA-16-1045-01B-01-BS1,yes
TCGA-19-1389-01A-01-BS1,yes
TCGA-27-1831-01A-01-BS1,yes
TCGA-06-6700-01A-01-BS1,no
TCGA-DB-A4XF-01Z-00-DX2,yes
TCGA-14-1454-01Z-00-DX1,no
TCGA-DU-5847-01Z-00-DX1,yes
TCGA-02-0016-01Z-00-DX1,no
TCGA-06-2557-01A-01-BS1,yes
TCGA-DH-5141-01A-01-BS1,no
TCGA-12-0778-01Z-00-DX2,no
TCGA-HT-7694-01Z-00-DX7,yes
TCGA-14-0789-01A-01-TS1,yes
TCGA-P5-A72Z-01A-01-TSA,yes
TCGA-06-0882-01A-01-TS1,yes
TCGA-FG-A4MT-02Z-00-DX2,yes
TCGA-06-0208-01B-01-BS1,no
TCGA-14-0783-01Z-00-DX1,no
TCGA-26-5135-01A-01-BS1,yes
TCGA-DU-6402-01A-01-BS1,yes
TCGA-06-0216-01B-01-BS1,no
TCGA-06-0879-01A-01-BS1,no
TCGA-VM-A8CD-01Z-00-DX3,yes
TCGA-DU-5853-01A-01-TS1,yes
TCGA-27-2526-01A-01-BS1,no
TCGA-S9-A7J1-01Z-00-DX1,yes
TCGA-HT-A5RC-01Z-00-DX1,yes
TCGA-06-0152-01Z-00-DX9,yes
TCGA-14-1401-01A-01-BS1,no
TCGA-02-0043-01A-01-BS1,no
TCGA-14-1827-01A-01-TS1,no
TCGA-87-5896-01A-01-TS1,no
TCGA-TQ-A7RQ-01A-01-TSA,yes
TCGA-08-0347-01Z-00-DX1,no
TCGA-HT-7610-01Z-00-DX1,yes
TCGA-12-0828-01Z-00-DX3,no
TCGA-08-0359-01Z-00-DX1,no
TCGA-HT-7880-01Z-00-DX1,yes
TCGA-06-0171-01Z-00-DX4,yes
TCGA-06-0649-01B-01-BS1,yes
TCGA-14-1034-01Z-00-DX3,yes
TCGA-06-0188-01Z-00-DX3,no
TCGA-HT-7688-01Z-00-DX8,yes
TCGA-41-2571-01A-01-BS1,yes
TCGA-4W-AA9T-01Z-00-DX1,no
TCGA-12-0780-01Z-00-DX1,no
TCGA-FG-A4MT-02Z-00-DX5,yes
TCGA-27-1833-01A-01-TS1,no
TCGA-QH-A6XC-01Z-00-DX1,yes
TCGA-DH-5143-01A-01-TS1,yes
TCGA-HW-8319-01A-01-TS1,yes
TCGA-06-5858-01A-01-TS1,yes
TCGA-CS-6186-01Z-00-DX1,yes
TCGA-VM-A8CD-01Z-00-DX4,yes
TCGA-RR-A6KA-01Z-00-DX1,no
TCGA-02-0107-01A-01-BS1,no
TCGA-P5-A77W-01A-01-TSA,yes
TCGA-16-1047-01B-01-TS1,no
TCGA-DU-A5TR-01A-01-TSA,yes
TCGA-HT-7879-01Z-00-DX1,yes
TCGA-08-0351-01A-01-BS1,no
TCGA-06-0171-01Z-00-DX3,yes
TCGA-HT-7606-01A-01-BS1,yes
TCGA-06-0188-01Z-00-DX4,no
TCGA-DU-5872-02A-02-TS2,yes
TCGA-DB-A4XG-01Z-00-DX1,yes
TCGA-14-1455-01Z-00-DX2,no
TCGA-19-5954-01Z-00-DX1,no
TCGA-02-0009-01Z-00-DX2,no
TCGA-06-0210-01A-01-TS1,no
TCGA-12-0773-01A-01-TS1,no
TCGA-41-2573-01A-01-TS1,no
TCGA-06-0176-01A-03-BS3,no
TCGA-HT-7858-01Z-00-DX3,yes
TCGA-12-0691-01A-01-BS1,no
TCGA-HT-7881-01Z-00-DX2,yes
TCGA-14-1825-01A-01-BS1,yes
TCGA-HW-7490-01A-01-TS1,yes
TCGA-12-0670-01B-01-TS1,no
TCGA-06-0645-01Z-00-DX1,no
TCGA-FG-A4MY-01A-01-TS1,yes
TCGA-RY-A840-01A-01-TS1,yes
TCGA-TM-A84Q-01Z-00-DX1,yes
TCGA-DU-6400-01A-01-TS1,yes
TCGA-DH-A7UT-01A-01-TS1,yes
TCGA-WY-A85C-01Z-00-DX1,yes
TCGA-12-0778-01Z-00-DX5,no
TCGA-27-2524-01A-01-TS1,yes
TCGA-02-0064-01A-01-TS1,no
TCGA-P5-A5F2-01A-01-TSA,yes
TCGA-DB-A4XA-01A-01-TSA,yes
TCGA-06-5410-01Z-00-DX1,yes
TCGA-06-0129-01Z-00-DX2,no
TCGA-TM-A7C4-01Z-00-DX1,yes
TCGA-06-0137-01Z-00-DX2,no
TCGA-02-0025-01A-01-BS1,no
TCGA-DU-5874-01A-01-BS1,yes
TCGA-12-0619-01Z-00-DX2,yes
TCGA-DU-8168-01Z-00-DX1,yes
TCGA-TM-A84H-01Z-00-DX1,yes
TCGA-19-2621-01B-01-TS1,no
TCGA-DB-5276-01A-01-BS1,yes
TCGA-19-4065-02A-01-TS1,no
TCGA-06-0221-01Z-00-DX1,yes
TCGA-DU-7309-01A-01-TS1,yes
TCGA-DU-A5TT-01Z-00-DX1,yes
TCGA-WY-A858-01A-01-TS1,yes
TCGA-12-1096-01Z-00-DX2,no
TCGA-02-0038-01A-01-TS2,no
TCGA-19-2631-01Z-00-DX1,no
TCGA-12-1088-01Z-00-DX2,no
TCGA-32-5222-01A-01-BS1,yes
TCGA-HT-7676-01Z-00-DX1,yes
TCGA-06-0184-01A-01-BS1,yes
TCGA-HT-7481-01Z-00-DX1,yes
TCGA-81-5911-01A-01-BS1,no
TCGA-FG-7641-01Z-00-DX1,yes
TCGA-12-1598-01A-01-TS1,no
TCGA-HT-7856-01A-01-TS1,yes
TCGA-R8-A6MO-01A-01-TSA,yes
TCGA-FG-6689-01A-01-BS1,yes
TCGA-QH-A65Z-01A-01-TS1,yes
TCGA-OX-A56R-01Z-00-DX1,no
TCGA-15-1446-01A-01-BS1,no
TCGA-06-0686-01Z-00-DX2,no
TCGA-HT-8110-01A-01-BS1,yes
TCGA-DU-6394-01A-01-TS1,yes
TCGA-06-0154-01Z-00-DX3,no
TCGA-E1-5311-01A-01-TS1,no
TCGA-R8-A6ML-01Z-00-DX7,yes
TCGA-VM-A8CB-01Z-00-DX9,yes
TCGA-14-0862-01B-01-TS1,no
TCGA-19-2625-01A-01-TS1,yes
TCGA-QH-A6X8-01A-01-TS1,yes
TCGA-VM-A8CA-01Z-00-DX2,yes
TCGA-06-2570-01A-01-TS1,yes
TCGA-TM-A84B-01A-01-TS1,yes
TCGA-HT-7677-01Z-00-DX5,yes
TCGA-HT-7690-01Z-00-DX2,yes
TCGA-06-0145-01A-06-BS6,no
TCGA-CS-5393-01A-01-TS1,no
TCGA-HW-8322-01A-01-TS1,yes
TCGA-HT-7479-01Z-00-DX2,yes
TCGA-HT-7467-01Z-00-DX2,yes
TCGA-HT-7480-01Z-00-DX5,yes
TCGA-02-0070-01Z-00-DX1,no
TCGA-14-1829-01Z-00-DX4,yes
TCGA-HT-8106-01Z-00-DX1,yes
TCGA-HT-7854-01A-01-BS1,yes
TCGA-RY-A83Z-01Z-00-DX1,yes
TCGA-HT-7472-01A-01-TS1,yes
TCGA-06-0154-01Z-00-DX4,no
TCGA-12-0826-01A-01-TS1,no
TCGA-DB-5274-01A-01-TS1,yes
TCGA-06-0128-01Z-00-DX1,no
TCGA-VM-A8CA-01Z-00-DX5,yes
TCGA-12-0618-01Z-00-DX1,yes
TCGA-S9-A7IX-01A-01-TS1,yes
TCGA-P5-A780-01Z-00-DX1,yes
TCGA-76-4932-01A-01-BS1,no
TCGA-12-1089-01Z-00-DX1,no
TCGA-HT-7677-01Z-00-DX2,yes
TCGA-02-0027-01A-01-TS1,no
TCGA-12-1097-01Z-00-DX1,no
TCGA-02-0039-01A-01-TS1,no
TCGA-HT-7480-01Z-00-DX2,yes
TCGA-06-1801-01A-02-BS2,no
TCGA-14-1829-01Z-00-DX3,yes
TCGA-06-0174-01Z-00-DX2,yes
TCGA-E1-A7Z4-01A-01-TS1,yes
TCGA-06-5418-01A-01-BS1,no
TCGA-02-0083-01A-01-TS1,no
TCGA-HT-A61A-01A-01-TSA,yes
TCGA-S9-A7R1-01A-01-TS1,yes
TCGA-12-5295-01A-01-BS1,yes
TCGA-IK-7675-01A-01-TS1,yes
TCGA-02-0033-01Z-00-DX1,no
TCGA-14-2554-01A-01-BS1,yes
TCGA-06-0137-01Z-00-DX5,no
TCGA-06-6698-01A-01-BS1,yes
TCGA-14-1795-01A-01-TS1,no
TCGA-HT-A616-01Z-00-DX1,yes
TCGA-HW-8320-01A-01-BS1,yes
TCGA-06-0221-01Z-00-DX6,yes
TCGA-14-1451-01Z-00-DX7,no
TCGA-02-0023-01B-01-TS1,no
TCGA-TQ-A7RW-01Z-00-DX1,yes
TCGA-76-4928-01B-01-BS1,yes
TCGA-06-0122-01A-01-TS1,no
TCGA-06-0237-01A-01-BS1,no
TCGA-HT-7691-01Z-00-DX1,yes
TCGA-DU-6404-02A-02-TS2,yes
TCGA-HT-7478-01Z-00-DX1,yes
TCGA-06-0192-01Z-00-DX1,no
TCGA-DU-5870-02A-01-TS1,yes
TCGA-S9-A6TZ-01A-02-TS2,yes
TCGA-DU-6396-01A-01-BS1,yes
TCGA-E1-A7YD-01Z-00-DX1,yes
TCGA-HT-7874-01A-01-TS1,yes
TCGA-12-0818-01A-01-BS1,no
TCGA-06-0157-01Z-00-DX1,yes
TCGA-15-0742-01Z-00-DX1,yes
TCGA-12-0688-01A-01-BS1,no
TCGA-S9-A6WG-01Z-00-DX1,yes
TCGA-S9-A6TU-01Z-00-DX1,yes
TCGA-19-5959-01A-01-TS1,no
TCGA-12-1098-01C-01-TS1,no
TCGA-19-5947-01A-01-TS1,no
TCGA-R8-A6MO-01Z-00-DX5,yes
TCGA-27-2523-01A-01-TS1,yes
TCGA-12-1602-01Z-00-DX2,no
TCGA-02-0007-01A-01-BS1,no
TCGA-WY-A85D-01Z-00-DX1,yes
TCGA-14-0871-01Z-00-DX3,yes
TCGA-DU-6407-01A-01-TS1,yes
TCGA-RY-A847-01A-01-TS1,yes
TCGA-12-3652-01Z-00-DX2,yes
TCGA-19-1386-01Z-00-DX1,no
TCGA-HT-7616-01Z-00-DX2,yes
TCGA-HW-7489-01A-01-TS1,yes
TCGA-02-0058-01A-01-TS1,no
TCGA-14-0736-01A-01-BS1,no
TCGA-HT-7608-01Z-00-DX2,yes
TCGA-S9-A6U9-01A-01-TS1,yes
TCGA-06-1804-01A-01-BS1,yes
TCGA-32-2632-01A-01-BS1,no
TCGA-06-0148-01Z-00-DX5,no
TCGA-02-0052-01Z-00-DX1,no
TCGA-32-1976-01A-01-BS1,no
TCGA-06-0648-01A-01-TS1,no
TCGA-19-1392-01A-01-TS1,no
TCGA-DH-5144-01A-01-TS1,no
TCGA-06-0876-01Z-00-DX1,no
TCGA-06-0745-01Z-00-DX1,yes
TCGA-27-1834-01A-01-TS1,yes
TCGA-19-0964-01A-01-TS1,no
TCGA-HT-A74J-01Z-00-DX1,yes
TCGA-06-1086-01A-01-BS1,no
TCGA-06-0209-01A-01-TS1,no
TCGA-FG-7636-01A-01-BS1,yes
TCGA-19-5953-01Z-00-DX1,no
TCGA-14-1452-01Z-00-DX2,no
TCGA-CS-6665-01A-01-BS1,yes
TCGA-02-0010-01Z-00-DX2,no
TCGA-06-0168-01Z-00-DX3,yes
TCGA-P5-A5EV-01A-01-TSA,yes
TCGA-08-0348-01A-01-BS1,no
TCGA-HT-7601-01A-01-BS1,yes
TCGA-06-0176-01Z-00-DX3,no
TCGA-08-0356-01A-01-BS1,no
TCGA-HT-7860-01Z-00-DX1,yes
TCGA-S9-A6WM-01A-01-TS1,yes
TCGA-HT-7482-01Z-00-DX3,yes
TCGA-06-0148-01Z-00-DX2,no
TCGA-28-1747-01C-01-BS1,yes
TCGA-32-1991-01A-01-BS1,no
TCGA-EZ-7264-01Z-00-DX1,yes
TCGA-HW-7495-01A-01-BS1,yes
TCGA-DU-5854-01A-01-TS1,yes
TCGA-27-2521-01A-01-BS1,yes
TCGA-14-1459-01A-01-TS1,no
TCGA-06-0211-01B-01-BS1,yes
TCGA-DU-6405-01A-01-BS1,yes
TCGA-19-0962-01B-01-BS1,no
TCGA-4W-AA9S-01Z-00-DX1,no
TCGA-12-3653-01Z-00-DX1,yes
TCGA-DU-7294-01A-01-BS1,yes
TCGA-14-1452-01Z-00-DX5,no
TCGA-12-0776-01A-01-BS1,no
TCGA-06-0176-01Z-00-DX4,no
TCGA-HT-7609-01Z-00-DX1,yes
TCGA-FG-8188-01Z-00-DX3,yes
TCGA-HT-A617-01A-01-TSA,yes
TCGA-DB-A64U-01A-01-TSA,yes
TCGA-HT-7482-01Z-00-DX4,yes
TCGA-HT-A4DV-01Z-00-DX2,yes
TCGA-TM-A84R-01A-02-TSB,yes
TCGA-P5-A781-01A-01-TSA,yes
TCGA-41-5651-01A-01-BS1,yes
TCGA-06-0141-01A-01-BS1,yes
TCGA-FG-A4MU-01Z-00-DX2,yes
TCGA-DU-A7TD-01Z-00-DX1,yes
TCGA-06-1084-01A-01-TS1,no
TCGA-26-5136-01B-01-BS1,yes
TCGA-TQ-A7RI-01Z-00-DX1,yes
TCGA-VM-A8CB-01Z-00-DX7,yes
TCGA-CS-6667-01A-01-TS1,yes
TCGA-R8-A6MO-01Z-00-DX2,yes
TCGA-FG-7634-01A-01-TS1,yes
TCGA-06-0877-01Z-00-DX2,no
TCGA-12-1602-01Z-00-DX5,no
TCGA-FG-A710-01A-01-TS1,yes
TCGA-IK-8125-01A-01-BS1,yes
TCGA-02-0011-01Z-00-DX1,no
TCGA-DB-A4XA-01Z-00-DX2,yes
TCGA-14-1453-01Z-00-DX1,no
TCGA-14-1043-01B-01-BS1,no
TCGA-27-1836-01A-01-BS1,no
TCGA-14-0813-01Z-00-DX1,no
TCGA-28-5220-01A-01-TS1,yes
TCGA-19-1390-01A-01-BS1,yes
TCGA-02-0102-01A-01-TS1,no
TCGA-HT-7608-01Z-00-DX5,yes
TCGA-76-6283-01A-01-TS1,no
TCGA-12-3652-01A-01-BS1,yes
TCGA-12-0769-01Z-00-DX1,no
TCGA-12-1602-01A-01-BS1,no
TCGA-14-1456-01B-01-BS1,no
TCGA-HT-7616-01A-01-BS1,yes
TCGA-06-A7TL-01A-01-TS1,no
TCGA-HT-7608-01A-01-BS1,yes
TCGA-S9-A6TV-01A-01-TS1,yes
TCGA-S9-A6WD-01A-01-TS1,yes
TCGA-HT-7472-01Z-00-DX4,yes
TCGA-06-0241-01A-01-BS1,no
TCGA-HT-7877-01Z-00-DX1,yes
TCGA-12-5301-01A-01-TS1,no
TCGA-06-0141-01Z-00-DX5,yes
TCGA-12-5299-01A-02-BS2,yes
TCGA-FG-A6IZ-01A-01-TS1,yes
TCGA-12-0818-01Z-00-DX2,no
TCGA-DU-A6S3-01Z-00-DX1,yes
TCGA-12-0688-01Z-00-DX2,no
TCGA-S9-A6WQ-01A-01-TSA,yes
TCGA-06-5856-01A-01-TS1,yes
TCGA-CS-6188-01Z-00-DX1,yes
TCGA-DU-6404-01Z-00-DX1,yes
TCGA-26-5133-01Z-00-DX1,yes
TCGA-HT-8564-01A-01-BS1,no
TCGA-27-1837-01Z-00-DX1,yes
TCGA-06-0875-01A-01-TS1,no
TCGA-14-1452-01A-01-BS1,no
TCGA-02-0010-01A-01-BS1,no
TCGA-14-1795-01Z-00-DX4,no
TCGA-26-5139-01A-01-TS1,no
TCGA-06-1086-01Z-00-DX2,no
TCGA-DU-6410-01A-01-TS1,yes
TCGA-HT-7601-01Z-00-DX2,yes
TCGA-S9-A6U0-01A-01-TS1,yes
TCGA-S9-A6WN-01Z-00-DX1,yes
TCGA-CS-4944-01Z-00-DX1,yes
TCGA-DB-A75K-01Z-00-DX2,yes
TCGA-12-1598-01Z-00-DX3,no
TCGA-HT-7856-01Z-00-DX3,yes
TCGA-R8-A6MO-01Z-00-DXC,yes
TCGA-12-0670-01Z-00-DX1,no
TCGA-19-5950-01A-01-TS1,no
TCGA-14-0781-01B-01-BS1,no
TCGA-P5-A5F0-01A-01-TS1,yes
TCGA-06-0214-01Z-00-DX1,no
TCGA-08-0246-01A-01-BS1,no
TCGA-HT-7684-01Z-00-DX7,yes
TCGA-14-0787-01A-01-TS1,yes
TCGA-12-0776-01Z-00-DX2,no
TCGA-06-2559-01A-01-BS1,yes
TCGA-DB-A4XH-01Z-00-DX2,yes
TCGA-DU-5849-01Z-00-DX1,yes
TCGA-14-1795-01Z-00-DX3,no
TCGA-02-0006-01Z-00-DX1,no
TCGA-32-2491-01A-01-BS1,no
TCGA-06-1805-01Z-00-DX1,no
TCGA-14-1823-01Z-00-DX1,no
TCGA-19-1387-01A-01-BS1,no
TCGA-16-1055-01B-01-BS1,no
TCGA-HT-7601-01Z-00-DX5,yes
TCGA-HT-7473-01Z-00-DX7,yes
TCGA-HT-7856-01Z-00-DX4,yes
TCGA-12-1598-01Z-00-DX4,no
TCGA-06-0148-01A-01-BS1,no
TCGA-R8-A6MO-01Z-00-DXD,yes
TCGA-E1-A7YS-01Z-00-DX1,yes
TCGA-12-0819-01Z-00-DX1,no
TCGA-HW-A5KL-01Z-00-DX1,yes
TCGA-12-3650-01A-01-TS1,yes
TCGA-06-0132-01A-02-BS2,yes
TCGA-12-1600-01A-01-TS1,no
TCGA-06-0122-01Z-00-DX3,no
TCGA-CS-6670-01A-01-TS1,yes
TCGA-E1-A7Z6-01A-01-TSA,yes
TCGA-HT-A61C-01A-01-TS1,yes
TCGA-FG-7637-01Z-00-DX1,yes
TCGA-19-5952-01A-01-BS1,no
TCGA-12-0769-01Z-00-DX6,no
TCGA-27-1836-01Z-00-DX2,no
TCGA-28-2510-01A-01-BS1,yes
TCGA-14-0783-01B-01-TS1,no
TCGA-08-0244-01A-01-TS1,no
TCGA-TQ-A7RJ-01A-01-TS1,yes
TCGA-12-3644-01Z-00-DX1,no
TCGA-06-1087-01Z-00-DX1,no
TCGA-26-1438-01A-01-TS1,no
TCGA-HT-7472-01Z-00-DX3,yes
TCGA-12-0826-01Z-00-DX3,no
TCGA-08-0349-01Z-00-DX1,no
TCGA-HT-7877-01Z-00-DX6,yes
TCGA-06-0141-01Z-00-DX2,yes
TCGA-16-0850-01A-01-BS1,no
TCGA-S9-A7IZ-01A-01-TSA,yes
TCGA-12-0818-01Z-00-DX5,no
TCGA-14-1829-01A-01-TS1,yes
TCGA-12-0688-01Z-00-DX5,no
TCGA-32-1986-01A-01-BS1,no
TCGA-27-2528-01A-01-BS1,yes
TCGA-06-0744-01A-01-BS1,no
TCGA-06-0877-01A-01-BS1,no
TCGA-FG-A713-01Z-00-DX1,yes
TCGA-76-6664-01A-01-BS1,no
TCGA-E1-A7YL-01A-01-TSA,yes
TCGA-12-1096-01A-01-BS1,no
TCGA-06-2567-01A-01-TS1,no
TCGA-14-1459-01Z-00-DX4,no
TCGA-06-6693-01A-01-TS1,no
TCGA-12-1088-01A-01-BS1,no
TCGA-DB-5276-01Z-00-DX2,yes
TCGA-HT-7687-01Z-00-DX2,yes
TCGA-HT-7470-01Z-00-DX2,yes
TCGA-28-5209-01A-01-BS1,yes
TCGA-06-5413-01A-01-TS1,no
TCGA-06-0184-01Z-00-DX2,yes
TCGA-02-0079-01Z-00-DX1,no
TCGA-08-0392-01Z-00-DX1,no
TCGA-41-3915-01Z-00-DX1,yes
TCGA-QH-A65S-01A-01-TS1,yes
TCGA-28-1755-01A-01-BS1,no
TCGA-HT-7855-01Z-00-DX1,yes
TCGA-06-0143-01Z-00-DX3,no
TCGA-HT-8107-01A-01-BS1,yes
TCGA-E1-5318-01A-01-TS1,yes
TCGA-HT-7482-01A-01-TS1,yes
TCGA-02-0025-01Z-00-DX2,no
TCGA-12-0619-01A-01-BS1,no
TCGA-06-0209-01Z-00-DX3,no
TCGA-06-0129-01A-01-BS1,yes
TCGA-VM-A8CH-01Z-00-DX2,yes
TCGA-06-0137-01A-01-BS1,no
TCGA-HT-7690-01A-01-BS1,yes
TCGA-DU-7015-01A-01-BS1,yes
TCGA-12-1092-01B-01-BS1,no
TCGA-R8-A73M-01Z-00-DX1,yes
TCGA-P5-A77X-01Z-00-DX1,yes
TCGA-HT-7874-01Z-00-DX3,yes
TCGA-DU-6397-01Z-00-DX1,yes
TCGA-S9-A6WP-01Z-00-DX1,yes
TCGA-HT-7479-01A-01-BS1,yes
TCGA-08-0386-01A-01-TS1,no
TCGA-HT-7467-01A-01-BS1,yes
TCGA-06-0686-01A-01-BS1,no
TCGA-DB-A4XH-01A-01-TSA,yes
TCGA-15-1446-01Z-00-DX2,no
TCGA-QH-A6CX-01A-01-TS1,yes
TCGA-19-0957-02A-01-TS1,yes
TCGA-CS-5390-01Z-00-DX1,yes
TCGA-HW-8321-01Z-00-DX1,yes
TCGA-76-4927-01A-01-TS1,no
TCGA-14-0871-01A-01-TS1,yes
TCGA-DU-8161-01Z-00-DX1,yes
TCGA-HT-7677-01A-01-BS1,yes
TCGA-02-2485-01A-01-TS1,yes
TCGA-DB-A75K-01A-01-TSA,yes
TCGA-HT-7686-01Z-00-DX1,yes
TCGA-DB-5277-01Z-00-DX1,yes
TCGA-FG-6688-01Z-00-DX1,yes
TCGA-HT-7874-01Z-00-DX4,yes
TCGA-28-1749-01A-01-TS1,no
TCGA-06-0174-01A-01-BS1,no
TCGA-RY-A83Y-01A-01-TS1,yes
TCGA-HT-7603-01Z-00-DX3,yes
TCGA-FG-8182-01Z-00-DX1,yes
TCGA-E1-5304-01A-01-BS1,yes
TCGA-HT-7480-01A-01-BS1,yes
TCGA-06-0185-01Z-00-DX1,no
TCGA-81-5910-01Z-00-DX1,no
TCGA-HT-8105-01A-01-TS1,yes
TCGA-E1-A7YM-01Z-00-DX1,yes
TCGA-06-5411-01A-01-BS1,no
TCGA-HT-7854-01Z-00-DX2,yes
TCGA-19-4068-01A-01-BS1,no
TCGA-12-1597-01B-01-BS1,no
TCGA-S9-A7R8-01A-01-TS1,yes
TCGA-28-5215-01A-01-TS1,yes
TCGA-P5-A733-01Z-00-DX1,yes
TCGA-06-0195-01B-01-TS1,no
TCGA-12-1094-01A-01-TS1,no
TCGA-02-0024-01Z-00-DX1,no
TCGA-06-2565-01A-01-BS1,yes
TCGA-76-4925-01A-01-BS1,yes
TCGA-06-0237-01Z-00-DX2,no
TCGA-HT-A615-01A-01-TS1,yes
TCGA-14-1459-01Z-00-DX3,no
TCGA-HT-7470-01Z-00-DX5,yes
TCGA-02-0071-01A-01-BS1,no
TCGA-HW-A5KM-01A-01-TSA,yes
TCGA-41-3393-01A-01-TS1,no
TCGA-S9-A7R2-01Z-00-DX1,yes
TCGA-08-0375-01Z-00-DX1,no
TCGA-FG-A60L-01Z-00-DX1,yes
TCGA-HT-8111-01Z-00-DX1,yes
TCGA-P5-A72U-01Z-00-DX1,yes
TCGA-06-6388-01A-01-TS1,no
TCGA-FG-8188-01A-01-TS1,yes
TCGA-15-1447-01Z-00-DX1,no
TCGA-HT-7692-01A-01-TS1,yes
TCGA-DU-7009-01A-01-TS1,yes
TCGA-DU-7302-01A-01-BS1,yes
TCGA-06-0209-01Z-00-DX4,no
TCGA-VM-A8CH-01Z-00-DX5,yes
TCGA-32-4210-01A-01-TS1,no
TCGA-DH-A66D-01Z-00-DX1,yes
TCGA-12-0821-01Z-00-DX3,yes
TCGA-12-0656-01Z-00-DX4,no
TCGA-08-0350-01Z-00-DX1,no
TCGA-HT-A619-01A-01-TSA,yes
TCGA-HT-7607-01Z-00-DX1,yes
TCGA-HT-7475-01Z-00-DX3,yes
TCGA-06-0178-01Z-00-DX4,yes
TCGA-HT-7468-01Z-00-DX8,yes
TCGA-06-0166-01Z-00-DX4,no
TCGA-12-0778-01A-01-BS1,no
TCGA-28-2509-01A-01-BS1,yes
TCGA-TQ-A7RM-01A-01-TS1,yes
TCGA-27-1831-01Z-00-DX2,yes
TCGA-19-5955-01A-01-BS1,no
TCGA-VM-A8C8-01Z-00-DX1,yes
TCGA-06-0881-01Z-00-DX1,no
TCGA-76-6663-01A-01-BS1,no
TCGA-06-0743-01A-01-BS1,yes
TCGA-02-0054-01A-01-BS1,no
TCGA-14-0817-01A-01-TS1,yes
TCGA-12-0691-01Z-00-DX5,no
TCGA-R8-A6YH-01Z-00-DX1,yes
TCGA-06-0155-01B-01-BS1,no
TCGA-16-0849-01A-01-BS1,no
TCGA-DB-A75M-01Z-00-DX1,yes
TCGA-74-6577-01A-01-TS1,no
TCGA-TQ-A7RK-02A-01-TS1,yes
TCGA-06-0644-01A-01-BS1,no
TCGA-06-1802-01Z-00-DX1,no
TCGA-S9-A7J2-01A-01-TS1,yes
TCGA-27-1838-01A-01-BS1,no
TCGA-02-0001-01Z-00-DX1,no
TCGA-VM-A8C9-01Z-00-DX5,yes
TCGA-S9-A7R4-01A-01-TSA,yes
TCGA-06-0879-01Z-00-DX2,no
TCGA-02-0011-01B-01-TS1,no
TCGA-QH-A6X3-01A-02-TS2,yes
TCGA-12-0620-01A-01-TS1,no
TCGA-TQ-A7RG-01Z-00-DX1,yes
TCGA-12-0615-01Z-00-DX3,no
TCGA-HW-A5KK-01Z-00-DX1,yes
TCGA-76-6193-01A-01-TS1,no
TCGA-12-3649-01A-01-TS1,no
TCGA-DH-A669-02A-01-TS1,yes
TCGA-06-0151-01A-01-BS1,no
TCGA-DU-A7TJ-01Z-00-DX1,yes
TCGA-28-1757-01A-02-BS2,no
TCGA-14-1401-01Z-00-DX2,no
TCGA-08-0344-01A-01-TS1,no
TCGA-HW-7487-01A-01-TS1,yes
TCGA-HT-7606-01Z-00-DX2,yes
TCGA-19-1388-01Z-00-DX1,no
TCGA-RR-A6KB-01A-01-TS1,no
TCGA-DH-5140-01Z-00-DX1,yes
TCGA-14-1455-01A-01-BS1,no
TCGA-VM-A8C9-01Z-00-DX2,yes
TCGA-27-1830-01Z-00-DX1,yes
TCGA-02-0009-01A-01-BS1,no
TCGA-DU-7298-01A-01-TS1,yes
TCGA-19-0960-01Z-00-DX1,no
TCGA-06-0213-01Z-00-DX1,no
TCGA-14-0786-01B-01-BS1,no
TCGA-TQ-A7RV-01A-02-TS2,yes
TCGA-TM-A7CF-01A-01-TS1,yes
TCGA-02-0014-01A-01-TS2,no
TCGA-DB-A75L-01Z-00-DX2,yes
TCGA-06-0147-01Z-00-DX1,no
TCGA-S9-A6WI-01Z-00-DX1,yes
TCGA-CS-4943-01Z-00-DX1,yes
TCGA-06-0176-01A-02-BS2,no
TCGA-HT-7607-01Z-00-DX6,yes
TCGA-HT-7475-01Z-00-DX4,yes
TCGA-12-0656-01Z-00-DX3,no
TCGA-08-0358-01A-01-BS1,no
TCGA-DB-A4X9-01A-01-TSA,yes
TCGA-HT-7881-01A-01-BS1,yes
TCGA-06-0178-01Z-00-DX3,yes
TCGA-08-0346-01A-01-BS1,no
TCGA-P5-A5EX-01A-01-TSA,yes
TCGA-14-1825-01Z-00-DX2,yes
TCGA-06-0166-01Z-00-DX3,no
TCGA-HT-7611-01A-01-BS1,yes
TCGA-06-0219-01A-01-TS1,no
TCGA-VM-A8C8-01Z-00-DX6,yes
TCGA-DU-7292-01Z-00-DX1,yes
TCGA-27-2527-01Z-00-DX1,no
TCGA-06-0878-01Z-00-DX1,yes
TCGA-19-5953-01B-01-TS1,no
TCGA-06-0119-01A-08-BS8,no
TCGA-26-5134-01Z-00-DX1,yes
TCGA-DU-6403-01Z-00-DX1,yes
TCGA-RY-A843-01Z-00-DX1,yes
TCGA-12-0691-01Z-00-DX2,no
TCGA-06-0646-01A-01-TS1,no
TCGA-HT-A4DS-01A-01-TS1,yes
TCGA-32-2494-01A-01-TS1,no
TCGA-FG-5963-02A-01-TS1,yes
TCGA-02-0099-01Z-00-DX1,no
TCGA-S9-A6U2-01A-02-TS2,yes
TCGA-HW-A5KJ-01A-01-TSA,yes
TCGA-12-0654-01Z-00-DX2,no
TCGA-02-0068-01A-01-BS1,no
TCGA-02-0037-01A-01-TS1,no
TCGA-12-1099-01Z-00-DX1,no
TCGA-27-1833-01Z-00-DX4,no
TCGA-VM-A8CD-01A-01-TS1,yes
TCGA-12-0616-01Z-00-DX1,yes
TCGA-12-1097-01B-01-TS1,no
TCGA-32-4209-01A-01-TS1,no
TCGA-TM-A84G-01Z-00-DX2,yes
TCGA-DU-7010-01A-01-TS1,yes
TCGA-26-1442-01A-01-BS1,yes
TCGA-DB-A4X9-01Z-00-DX2,yes
TCGA-06-0126-01Z-00-DX1,no
TCGA-06-0210-01Z-00-DX4,yes
TCGA-HT-7695-01A-01-TS1,yes
TCGA-06-0138-01Z-00-DX1,yes
TCGA-FG-8191-01A-01-TS1,yes
TCGA-06-6391-01A-01-TS1,no
TCGA-12-0828-01A-01-TS1,no
TCGA-06-0188-01A-01-TS1,no
TCGA-HT-8108-01Z-00-DX1,yes
TCGA-FG-A60K-01Z-00-DX1,yes
TCGA-R8-A6MK-01Z-00-DXF,yes
TCGA-14-1034-01A-01-TS1,yes
TCGA-E1-A7YJ-01Z-00-DX1,yes
TCGA-HT-7607-01Z-00-DX8,yes
TCGA-FG-A87Q-01Z-00-DX4,yes
TCGA-HT-7902-01A-01-TS1,yes
TCGA-E1-5303-01A-01-BS1,yes
TCGA-FG-6691-01Z-00-DX1,yes
TCGA-28-1750-01A-01-TS1,no
TCGA-HT-7476-01Z-00-DX1,yes
TCGA-FG-8185-01Z-00-DX1,yes
TCGA-06-0173-01A-01-BS1,no
TCGA-12-0822-01Z-00-DX1,no
TCGA-HT-7468-01Z-00-DX1,yes
TCGA-DB-5270-01Z-00-DX1,yes
TCGA-HT-7681-01Z-00-DX1,yes
TCGA-HT-8011-01Z-00-DX1,yes
TCGA-76-4926-01B-01-BS1,yes
TCGA-19-2629-01A-01-BS1,no
TCGA-VM-A8C8-01Z-00-DX8,yes
TCGA-DB-5281-01A-01-BS1,yes
TCGA-HT-A618-01Z-00-DX1,yes
TCGA-06-2562-01A-01-BS1,yes
TCGA-02-0023-01Z-00-DX1,no
TCGA-DU-5872-01Z-00-DX1,yes
TCGA-12-1093-01A-01-TS1,no
TCGA-14-0789-01Z-00-DX3,yes
TCGA-DU-A7T6-01A-01-TS1,yes
TCGA-06-0192-01B-01-TS1,no
TCGA-06-5408-01A-01-BS1,no
TCGA-06-5416-01A-01-BS1,no
TCGA-12-0707-01A-01-BS1,no
TCGA-HT-7858-01A-01-TS1,yes
TCGA-FG-A87Q-01Z-00-DX3,yes
TCGA-HT-7468-01Z-00-DX6,yes
TCGA-HT-7873-01Z-00-DX3,yes
TCGA-02-0028-01A-01-TS2,no
TCGA-12-0773-01Z-00-DX3,no
TCGA-14-1034-02B-01-BS1,yes
TCGA-12-1098-01Z-00-DX2,no
TCGA-19-2621-01Z-00-DX1,no
TCGA-HT-7689-01A-01-BS1,yes
TCGA-26-1440-01A-01-TS1,no
TCGA-DU-7012-01A-01-BS1,yes
TCGA-DB-5278-01A-01-BS1,yes
TCGA-TM-A84F-01Z-00-DX1,yes
TCGA-DU-8166-01Z-00-DX1,yes
TCGA-CS-5397-01Z-00-DX1,yes
TCGA-14-0789-01Z-00-DX4,yes
TCGA-06-0127-01Z-00-DX2,no
TCGA-02-0074-01A-01-TS1,no
TCGA-FG-7641-01B-01-TS1,yes
TCGA-19-1385-01A-02-BS2,no
TCGA-06-5414-01A-01-TS1,no
TCGA-QH-A6CU-01Z-00-DX1,yes
TCGA-27-1833-01Z-00-DX3,no
TCGA-06-6694-01A-01-TS1,no
TCGA-TM-A84L-01A-01-TS1,yes
TCGA-12-1091-01A-01-BS1,no
TCGA-12-0616-01Z-00-DX6,yes
TCGA-06-0130-01A-01-BS1,no
TCGA-DU-A5TP-01A-01-TS1,yes
TCGA-06-0210-01Z-00-DX3,yes
TCGA-HT-7485-01A-01-TS1,yes
TCGA-VV-A86M-01A-01-TS1,yes
TCGA-FG-A6J3-01Z-00-DX1,yes
TCGA-06-0171-01A-01-TS1,no
TCGA-28-1752-01A-01-BS1,no
TCGA-06-0154-01A-02-BS2,no
TCGA-R8-A6MK-01Z-00-DXA,yes
TCGA-S9-A6UA-01A-01-TS1,yes
TCGA-DU-6396-01A-01-TS1,yes
TCGA-06-0148-01Z-00-DX3,no
TCGA-19-A60I-01Z-00-DX1,no
TCGA-QH-A65X-01A-01-TS1,yes
TCGA-06-0122-01A-01-BS1,no
TCGA-76-4928-01B-01-TS1,yes
TCGA-DU-7301-01Z-00-DX1,yes
TCGA-26-1799-01A-02-BS2,no
TCGA-02-0023-01B-01-BS1,no
TCGA-HW-8320-01A-01-TS1,yes
TCGA-14-1795-01A-01-BS1,no
TCGA-06-6698-01A-01-TS1,yes
TCGA-14-1452-01Z-00-DX4,no
TCGA-19-A6J5-01A-02-TSB,no
TCGA-02-0010-01Z-00-DX4,no
TCGA-14-2554-01A-01-TS1,yes
TCGA-26-6173-01Z-00-DX1,no
TCGA-W9-A837-01A-01-TS1,yes
TCGA-IK-7675-01A-01-BS1,yes
TCGA-12-5295-01A-01-TS1,yes
TCGA-HT-7482-01Z-00-DX5,yes
TCGA-QH-A6CY-01Z-00-DX1,yes
TCGA-02-0083-01A-01-BS1,no
TCGA-FG-8188-01Z-00-DX2,yes
TCGA-06-5418-01A-01-TS1,no
TCGA-06-5412-01Z-00-DX1,yes
TCGA-QH-A6CS-01A-01-TS1,yes
TCGA-DB-A4XC-01A-01-TSA,yes
TCGA-FG-A4MU-01Z-00-DX3,yes
TCGA-TM-A84J-01Z-00-DX1,yes
TCGA-VM-A8CB-01Z-00-DX6,yes
TCGA-02-0039-01A-01-BS1,no
TCGA-02-0027-01A-01-BS1,no
TCGA-QH-A870-01Z-00-DX1,yes
TCGA-76-4932-01A-01-TS1,no
TCGA-R8-A6MO-01Z-00-DX3,yes
TCGA-FG-A4MW-01A-01-TSA,yes
TCGA-12-1094-01Z-00-DX2,no
TCGA-12-1602-01Z-00-DX4,no
TCGA-12-3652-01Z-00-DX4,yes
TCGA-DB-5274-01A-01-BS1,yes
TCGA-06-0169-01Z-00-DX1,no
TCGA-12-0826-01A-01-BS1,no
TCGA-QH-A65R-01Z-00-DX1,yes
TCGA-HT-7472-01A-01-BS1,yes
TCGA-HT-7854-01A-01-TS1,yes
TCGA-FG-7643-01Z-00-DX1,yes
TCGA-HT-7608-01Z-00-DX4,yes
TCGA-HT-7483-01Z-00-DX1,no
TCGA-41-3392-01Z-00-DX1,no
TCGA-S9-A7R3-01A-01-TS1,yes
TCGA-HT-A614-01Z-00-DX1,yes
TCGA-HW-8322-01A-01-BS1,yes
TCGA-CS-5393-01A-01-BS1,no
TCGA-VM-A8CB-01Z-00-DX1,yes
TCGA-DB-A64V-01Z-00-DX1,yes
TCGA-R8-A6MO-01Z-00-DX4,yes
TCGA-DU-8162-01A-01-BS1,yes
TCGA-06-A5U1-01A-01-TS1,no
TCGA-06-2570-01A-01-BS1,yes
TCGA-DU-7008-01Z-00-DX1,yes
TCGA-HT-7693-01Z-00-DX1,no
TCGA-12-1602-01Z-00-DX3,no
TCGA-19-2625-01A-01-BS1,yes
TCGA-14-0862-01B-01-BS1,no
TCGA-12-3652-01Z-00-DX3,yes
TCGA-TQ-A7RU-01Z-00-DX1,yes
TCGA-14-0871-01Z-00-DX2,yes
TCGA-E1-5311-01A-01-BS1,yes
TCGA-S9-A6TX-01A-02-TS2,yes
TCGA-DU-6394-01A-01-BS1,yes
TCGA-06-0190-01Z-00-DX1,yes
TCGA-HT-8110-01A-01-TS1,yes
TCGA-06-6389-01Z-00-DX1,no
TCGA-FG-8189-01Z-00-DX1,yes
TCGA-12-0703-01Z-00-DX1,no
TCGA-HT-7608-01Z-00-DX3,yes
TCGA-15-1446-01A-01-TS1,no
TCGA-FG-6689-01A-01-TS1,yes
TCGA-06-0148-01Z-00-DX4,no
TCGA-HT-7856-01A-01-BS1,yes
TCGA-RY-A83X-01Z-00-DX1,yes
TCGA-HT-7470-01A-01-TS1,yes
TCGA-12-1598-01A-01-BS1,no
TCGA-81-5911-01A-01-TS1,no
TCGA-HT-8104-01Z-00-DX1,yes
TCGA-19-A60I-01Z-00-DX6,no
TCGA-06-0184-01A-01-TS1,yes
TCGA-32-5222-01A-01-TS1,yes
TCGA-HT-7687-01A-01-TS1,yes
TCGA-DU-7309-01A-01-BS1,yes
TCGA-DB-5276-01A-01-TS1,yes
TCGA-19-4065-02A-01-BS1,no
TCGA-FG-5963-01Z-00-DX1,yes
TCGA-12-1095-01Z-00-DX1,no
TCGA-19-2621-01B-01-BS1,no
TCGA-E1-A7YY-01A-01-TSA,yes
TCGA-DU-5874-01A-01-TS1,yes
TCGA-02-0025-01A-01-TS1,no
TCGA-02-0010-01Z-00-DX3,no
TCGA-14-1452-01Z-00-DX3,no
TCGA-VM-A8CH-01A-01-TS1,yes
TCGA-06-0176-01Z-00-DX2,no
TCGA-DU-A6S7-01A-02-TS2,yes
TCGA-06-0168-01Z-00-DX2,yes
TCGA-HT-7482-01Z-00-DX2,yes
TCGA-02-0064-01A-01-BS1,no
TCGA-02-0102-01A-01-BS1,no
TCGA-19-1390-01A-01-TS1,no
TCGA-DU-A6S8-01Z-00-DX1,yes
TCGA-28-5220-01A-01-BS1,yes
TCGA-S9-A6U1-01Z-00-DX1,yes
TCGA-DU-A5TW-01A-01-TSA,yes
TCGA-27-1836-01A-01-TS1,no
TCGA-14-1043-01B-01-TS1,no
TCGA-KT-A7W1-01A-01-TS1,yes
TCGA-IK-8125-01A-01-TS1,yes
TCGA-06-0747-01Z-00-DX1,yes
TCGA-R8-A6ML-01Z-00-DX1,yes
TCGA-CS-5396-01A-02-BS2,no
TCGA-VM-A8CA-01Z-00-DX4,yes
TCGA-FG-7634-01A-01-BS1,yes
TCGA-19-5951-01Z-00-DX1,no
TCGA-DB-A4XB-01Z-00-DX1,yes
TCGA-HT-7690-01Z-00-DX4,yes
TCGA-26-5136-01B-01-TS1,no
TCGA-HT-A74H-01Z-00-DX1,yes
TCGA-06-1084-01A-01-BS1,no
TCGA-HT-7677-01Z-00-DX3,yes
TCGA-HT-7480-01Z-00-DX3,yes
TCGA-HT-7467-01Z-00-DX4,yes
TCGA-41-5651-01A-01-TS1,yes
TCGA-HT-7603-01A-01-BS1,yes
TCGA-06-0174-01Z-00-DX3,yes
TCGA-14-1829-01Z-00-DX2,yes
TCGA-P5-A5ET-01A-01-TSA,yes
TCGA-S9-A6TW-01Z-00-DX1,yes
TCGA-S9-A6WE-01Z-00-DX1,yes
TCGA-12-0776-01A-01-TS1,no
TCGA-DU-7294-01A-01-TS1,yes
TCGA-06-0137-01Z-00-DX4,no
TCGA-06-0201-01Z-00-DX1,no
TCGA-14-0787-01Z-00-DX2,yes
TCGA-RY-A845-01A-01-TS1,yes
TCGA-TM-A84T-01Z-00-DX1,yes
TCGA-12-3650-01Z-00-DX2,yes
TCGA-DU-A76O-01A-01-TS1,yes
TCGA-14-1451-01Z-00-DX6,no
TCGA-19-0962-01B-01-TS1,no
TCGA-DU-6405-01A-01-TS1,yes
TCGA-06-0211-01B-01-TS1,no
TCGA-14-1459-01A-01-BS1,no
TCGA-DU-5854-01A-01-BS1,yes
TCGA-12-1096-01Z-00-DX4,no
TCGA-27-2521-01A-01-TS1,yes
TCGA-12-1600-01Z-00-DX2,no
TCGA-06-1806-01A-01-BS1,no
TCGA-HW-7495-01A-01-TS1,yes
TCGA-TM-A7CF-02Z-00-DX1,yes
TCGA-32-1991-01A-01-TS1,no
TCGA-28-1747-01C-01-TS1,yes
TCGA-DU-6407-02B-01-TS1,yes
TCGA-FG-A4MW-01Z-00-DX2,yes
TCGA-26-1439-01Z-00-DX1,no
TCGA-FN-7833-01Z-00-DX1,yes
TCGA-06-0143-01A-01-BS1,no
TCGA-08-0356-01A-01-TS1,no
TCGA-HT-7601-01A-01-TS1,yes
TCGA-08-0348-01A-01-TS1,no
TCGA-06-0137-01Z-00-DX3,no
TCGA-CS-6665-01A-01-TS1,yes
TCGA-FG-7636-01A-01-TS1,yes
TCGA-06-0875-01Z-00-DX2,no
TCGA-06-0129-01Z-00-DX3,yes
TCGA-06-0209-01A-01-BS1,no
TCGA-12-0619-01Z-00-DX3,yes
TCGA-08-0245-01Z-00-DX1,no
TCGA-TQ-A7RK-01Z-00-DX1,yes
TCGA-19-0964-01A-01-BS1,no
TCGA-27-1834-01A-01-BS1,yes
TCGA-DB-A4XC-01Z-00-DX2,yes
TCGA-14-1451-01Z-00-DX1,no
TCGA-12-1088-01Z-00-DX3,no
TCGA-DH-5144-01A-01-BS1,no
TCGA-12-1096-01Z-00-DX3,no
TCGA-DH-A669-01Z-00-DX1,yes
TCGA-19-1392-01A-01-BS1,no
TCGA-06-0648-01A-01-BS1,no
TCGA-32-1976-01A-01-TS1,no
TCGA-32-2632-01A-01-TS1,yes
TCGA-06-1804-01A-01-TS1,yes
TCGA-HW-7489-01A-01-BS1,yes
TCGA-14-0736-01A-01-TS1,no
TCGA-02-0058-01A-01-BS1,no
TCGA-02-0046-01A-01-BS1,no
TCGA-06-0154-01Z-00-DX2,no
TCGA-41-4097-01Z-00-DX1,yes
TCGA-14-0786-01Z-00-DX1,no
TCGA-R8-A6ML-01Z-00-DX6,yes
TCGA-VM-A8CB-01Z-00-DX8,yes
TCGA-27-2523-01A-01-BS1,yes
TCGA-VM-A8CA-01Z-00-DX3,yes
TCGA-12-3651-01Z-00-DX1,no
TCGA-19-5947-01A-01-BS1,no
TCGA-12-1098-01C-01-BS1,no
TCGA-19-5959-01A-01-BS1,no
TCGA-HT-7677-01Z-00-DX4,yes
TCGA-HT-A61B-01Z-00-DX1,yes
TCGA-HT-7690-01Z-00-DX3,yes
TCGA-DB-A64W-01A-01-TSA,yes
TCGA-HT-7467-01Z-00-DX3,yes
TCGA-HT-7480-01Z-00-DX4,yes
TCGA-HT-7479-01Z-00-DX3,yes
TCGA-16-0846-01A-01-TS2,yes
TCGA-06-0174-01Z-00-DX4,yes
TCGA-S9-A7QW-01A-01-TS1,yes
TCGA-WH-A86K-01A-01-TS1,yes
TCGA-12-0818-01A-01-TS1,no
TCGA-HT-7874-01A-01-BS1,yes
TCGA-19-1786-01Z-00-DX1,no
TCGA-14-1829-01Z-00-DX5,yes
TCGA-FG-5964-01Z-00-DX1,yes
TCGA-06-0133-01Z-00-DX1,no
TCGA-HT-8010-01A-01-TS1,yes
TCGA-KT-A74X-01A-01-TSA,yes
TCGA-FG-A4MT-02Z-00-DX4,yes
TCGA-VM-A8CD-01Z-00-DX5,yes
TCGA-TM-A84L-01Z-00-DX2,yes
TCGA-14-2555-01B-01-BS1,no
TCGA-E1-A7YK-01A-01-TS1,yes
TCGA-FG-6690-01A-01-TS1,yes
TCGA-28-1751-01Z-00-DX1,no
TCGA-HT-7469-01A-01-TS1,yes
TCGA-12-0688-01A-02-BS2,no
TCGA-P5-A735-01A-01-TS1,yes
TCGA-06-0188-01Z-00-DX5,no
TCGA-06-0171-01Z-00-DX2,yes
TCGA-02-0009-01Z-00-DX3,no
TCGA-76-4929-01A-01-BS1,yes
TCGA-27-2518-01A-01-BS1,no
TCGA-12-1092-01Z-00-DX1,no
TCGA-06-2569-01A-01-BS1,yes
TCGA-DB-A64Q-01Z-00-DX1,yes
TCGA-CS-5394-01A-01-BS1,no
TCGA-VM-A8CE-01Z-00-DX1,yes
TCGA-HT-7858-01Z-00-DX2,yes
TCGA-28-5207-01A-01-TS1,yes
TCGA-28-5219-01A-01-TS1,no
TCGA-06-6390-01Z-00-DX1,no
TCGA-06-0166-01A-01-BS1,no
TCGA-HT-A5R7-01Z-00-DX1,yes
TCGA-12-0829-01Z-00-DX1,no
TCGA-06-0178-01A-01-BS1,yes
TCGA-HT-7881-01Z-00-DX3,yes
TCGA-06-0197-01Z-00-DX1,no
TCGA-12-0656-01A-01-BS1,no
TCGA-FG-A60J-01A-01-TS1,yes
TCGA-HT-8109-01A-01-TS1,yes
TCGA-DU-6393-01A-01-BS1,yes
TCGA-06-0189-01Z-00-DX1,no
TCGA-TQ-A7RR-01Z-00-DX1,yes
TCGA-DH-A66B-01A-01-TS1,yes
TCGA-14-0865-01B-01-BS1,no
TCGA-06-0127-01A-01-TS1,no
TCGA-06-1086-01A-02-BS2,no
TCGA-DU-7011-01Z-00-DX1,yes
TCGA-HT-7694-01Z-00-DX1,yes
TCGA-12-0778-01Z-00-DX4,no
TCGA-76-4935-01A-01-TS1,no
TCGA-76-6656-01A-01-TS1,no
TCGA-DU-5871-01A-01-BS1,yes
TCGA-R8-A6MK-01Z-00-DX8,yes
TCGA-VM-A8CE-01Z-00-DX6,yes
TCGA-TM-A84M-01Z-00-DX1,yes
TCGA-DU-6397-02A-01-TS1,yes
TCGA-HT-7902-01Z-00-DX2,yes
TCGA-DB-A4XD-01A-01-TSA,yes
TCGA-06-5415-01Z-00-DX1,yes
TCGA-HT-7881-01Z-00-DX4,yes
TCGA-HT-7475-01A-01-BS1,yes
TCGA-FG-8186-01A-01-BS1,yes
TCGA-12-0821-01A-01-BS1,no
TCGA-DB-5273-01A-01-BS1,yes
TCGA-02-2470-01A-01-TS1,no
TCGA-19-0957-01Z-00-DX1,no
TCGA-DU-7007-01A-01-BS1,yes
TCGA-DU-7019-01A-01-BS1,yes
TCGA-HT-8012-01A-01-BS1,yes
TCGA-06-0148-01A-03-BS3,no
TCGA-12-1093-01Z-00-DX2,no
TCGA-12-0778-01Z-00-DX3,no
TCGA-19-5960-01A-01-TS1,yes
TCGA-HT-7694-01Z-00-DX6,yes
TCGA-02-0024-01B-01-BS1,no
TCGA-12-0615-01A-01-BS1,no
TCGA-19-2620-01A-01-TS1,yes
TCGA-FG-A4MT-02Z-00-DX3,yes
TCGA-02-0037-01Z-00-DX2,no
TCGA-DU-7306-01Z-00-DX1,yes
TCGA-VM-A8CD-01Z-00-DX2,yes
TCGA-06-0125-01A-01-BS1,yes
TCGA-06-0152-01Z-00-DX8,yes
TCGA-08-0380-01Z-00-DX1,no
TCGA-02-0084-01A-01-BS1,no
TCGA-32-4719-01A-01-TS1,no
TCGA-12-0828-01Z-00-DX2,no
TCGA-32-2615-01A-01-BS1,yes
TCGA-14-1034-01Z-00-DX2,yes
TCGA-06-0188-01Z-00-DX2,no
TCGA-02-0075-01Z-00-DX1,no
TCGA-06-0171-01Z-00-DX5,yes
TCGA-TM-A84G-01A-01-TS1,no
TCGA-26-6174-01Z-00-DX1,no
TCGA-HT-7688-01Z-00-DX9,yes
TCGA-DU-8167-01A-01-TS1,yes
TCGA-HT-7695-01Z-00-DX2,yes
TCGA-VM-A8CF-01Z-00-DX3,yes
TCGA-DU-5851-01A-01-TS1,yes
TCGA-S9-A7J3-01Z-00-DX1,yes
TCGA-27-2524-01A-01-BS1,yes
TCGA-VM-A8CE-01Z-00-DX8,yes
TCGA-DU-6400-01A-01-BS1,yes
TCGA-R8-A6MK-01Z-00-DX6,yes
TCGA-06-0219-01Z-00-DX2,yes
TCGA-HT-7607-01Z-00-DX16,yes
TCGA-TQ-A7RS-01A-01-TSA,yes
TCGA-12-0670-01B-01-BS1,no
TCGA-14-1825-01A-01-TS1,yes
TCGA-HW-7490-01A-01-BS1,yes
TCGA-HT-A5RA-01Z-00-DX1,yes
TCGA-06-0646-01Z-00-DX2,yes
TCGA-12-0691-01A-01-TS1,no
TCGA-E1-A7YU-01A-01-TS1,yes
TCGA-12-0707-01Z-00-DX3,no
TCGA-HT-7882-01Z-00-DX1,yes
TCGA-HT-A4DS-01Z-00-DX2,yes
TCGA-08-0345-01Z-00-DX1,no
TCGA-06-0137-01A-03-BS3,no
TCGA-DB-A64P-01A-01-TSA,yes
TCGA-CS-6668-01Z-00-DX1,yes
TCGA-HT-7689-01Z-00-DX3,yes
TCGA-HT-7694-01Z-00-DX8,yes
TCGA-41-2573-01A-01-BS1,no
TCGA-12-0773-01A-01-BS1,no
TCGA-12-3648-01Z-00-DX1,no
TCGA-TQ-A7RF-01A-01-TS1,yes
TCGA-06-0210-01A-01-BS1,no
TCGA-VM-A8C9-01A-01-TS1,yes
TCGA-FG-A70Y-01Z-00-DX1,yes
TCGA-06-0152-01Z-00-DX6,yes
TCGA-HT-7606-01A-01-TS1,yes
TCGA-08-0351-01A-01-TS1,no
TCGA-19-A6J5-01Z-00-DX3,no
TCGA-S9-A7QZ-01Z-00-DX1,yes
TCGA-DU-A7TA-01Z-00-DX1,yes
TCGA-16-1047-01B-01-BS1,no
TCGA-02-0107-01A-01-TS1,no
TCGA-DB-A75L-01A-01-TS1,yes
TCGA-VV-A829-01Z-00-DX1,yes
TCGA-P5-A72X-01A-01-TSA,yes
TCGA-12-1091-01Z-00-DX3,no
TCGA-06-0145-01A-05-BS5,no
TCGA-06-5858-01A-01-BS1,yes
TCGA-HT-7688-01Z-00-DX7,yes
TCGA-HW-8319-01A-01-BS1,yes
TCGA-DH-5143-01A-01-BS1,yes
TCGA-DB-A4XD-01Z-00-DX2,yes
TCGA-DB-A64O-01Z-00-DX1,yes
TCGA-02-0014-01Z-00-DX1,no
TCGA-TM-A7CF-01Z-00-DX2,yes
TCGA-27-1833-01A-01-BS1,no
TCGA-41-2571-01A-01-TS1,yes
TCGA-06-0206-01Z-00-DX1,no
TCGA-06-0152-01Z-00-DX1,yes
TCGA-06-0649-01B-01-TS1,yes
TCGA-TQ-A7RK-02Z-00-DX2,yes
TCGA-19-A6J5-01Z-00-DX4,no
TCGA-12-0662-01Z-00-DX1,no
TCGA-14-1827-01A-01-BS1,no
TCGA-14-1401-01A-01-TS1,no
TCGA-06-1801-01A-01-BS1,no
TCGA-DU-5853-01A-01-BS1,yes
TCGA-27-2526-01A-01-TS1,yes
TCGA-12-0620-01Z-00-DX2,no
TCGA-DH-A7UV-01A-01-TS1,yes
TCGA-WY-A85A-01Z-00-DX1,yes
TCGA-06-0879-01A-01-TS1,no
TCGA-12-3649-01Z-00-DX2,no
TCGA-06-0216-01B-01-TS1,no
TCGA-DU-6402-01A-01-TS1,yes
TCGA-26-5135-01A-01-TS1,yes
TCGA-06-0208-01B-01-TS1,no
TCGA-TM-A84S-01Z-00-DX1,yes
TCGA-06-0882-01A-01-BS1,yes
TCGA-14-0789-01A-01-BS1,yes
TCGA-VM-A8CF-01Z-00-DX4,yes
TCGA-QH-A6XA-01Z-00-DX1,yes
TCGA-DH-5141-01A-01-TS1,yes
TCGA-DU-6408-01Z-00-DX1,yes
TCGA-06-2557-01A-01-TS1,yes
TCGA-R8-A6MK-01Z-00-DX1,yes
TCGA-06-6700-01A-01-TS1,no
TCGA-HT-7607-01Z-00-DX11,yes
TCGA-27-1831-01A-01-TS1,yes
TCGA-HW-7486-01Z-00-DX1,yes
TCGA-S9-A6U6-01Z-00-DX1,yes
TCGA-DU-A7T8-01A-02-TS2,yes
TCGA-19-1389-01A-01-TS1,no
TCGA-16-1045-01B-01-TS1,yes
TCGA-32-1973-01A-01-BS1,no
TCGA-RR-A6KC-01Z-00-DX1,no
TCGA-14-0817-01Z-00-DX2,yes
TCGA-KT-A74X-01Z-00-DX2,yes
TCGA-08-0353-01A-01-BS1,no
TCGA-06-0173-01Z-00-DX3,no
TCGA-HT-7604-01A-01-BS1,yes
TCGA-12-0707-01Z-00-DX4,no
TCGA-S9-A6WH-01A-01-TS1,yes
TCGA-CS-4942-01A-01-TS1,no
TCGA-19-1789-01A-01-BS1,no
TCGA-06-0158-01A-01-TS1,no
TCGA-HT-A74O-01Z-00-DX1,yes
TCGA-DU-7299-01Z-00-DX1,yes
TCGA-DH-A66G-01A-02-TS2,yes
TCGA-02-0006-01B-01-BS1,no
TCGA-DB-A4XE-01Z-00-DX1,yes
TCGA-19-5956-01Z-00-DX1,no
TCGA-32-2494-01A-01-BS1,no
TCGA-06-1800-01Z-00-DX1,no
TCGA-FG-A87Q-01Z-00-DX2,yes
TCGA-HT-A5RB-01A-01-TS1,yes
TCGA-06-0646-01A-01-BS1,yes
TCGA-HT-7468-01Z-00-DX7,yes
TCGA-HT-7873-01Z-00-DX2,no
TCGA-12-0773-01Z-00-DX2,no
TCGA-HT-8563-01A-01-TS1,yes
TCGA-19-5953-01B-01-BS1,no
TCGA-DU-5852-01Z-00-DX1,yes
TCGA-02-0003-01Z-00-DX1,no
TCGA-76-6191-01A-01-TS1,no
TCGA-06-0219-01A-01-BS1,yes
TCGA-06-0137-01A-02-BS2,no
TCGA-DB-A75P-01A-01-TSA,yes
TCGA-14-0789-01Z-00-DX5,no
TCGA-E1-A7Z3-01A-01-TSA,yes
TCGA-06-0127-01Z-00-DX3,no
TCGA-HT-7611-01A-01-TS1,yes
TCGA-08-0346-01A-01-TS1,no
TCGA-HT-7881-01A-01-TS1,yes
TCGA-08-0358-01A-01-TS1,no
TCGA-12-0692-01Z-00-DX1,no
TCGA-E1-A7YV-01Z-00-DX1,yes
TCGA-19-1788-01Z-00-DX1,no
TCGA-S9-A7QY-01A-01-TS1,yes
TCGA-08-0352-01Z-00-DX1,no
TCGA-12-0654-01Z-00-DX4,no
TCGA-HT-7605-01Z-00-DX1,yes
TCGA-FG-A70Z-01A-01-TS1,yes
TCGA-DU-A6S2-01A-02-TSB,yes
TCGA-27-1833-01Z-00-DX2,no
TCGA-14-0786-01B-01-TS1,no
TCGA-F6-A8O3-01Z-00-DX1,yes
TCGA-DU-7298-01A-01-BS1,yes
TCGA-TQ-A7RO-01A-01-TS1,yes
TCGA-02-0009-01A-01-TS1,no
TCGA-14-1455-01A-01-TS1,no
TCGA-E1-A7YI-01A-01-TSA,yes
TCGA-06-0210-01Z-00-DX2,no
TCGA-CS-6290-01A-01-TS1,yes
TCGA-DB-A75O-01Z-00-DX1,yes
TCGA-74-6575-01A-01-TS1,no
TCGA-02-0048-01A-01-BS1,no
TCGA-06-0145-01A-04-BS4,no
TCGA-HW-7487-01A-01-BS1,yes
TCGA-P5-A5EZ-01A-01-TSA,yes
TCGA-08-0344-01A-01-BS1,no
TCGA-14-1827-01Z-00-DX2,no
TCGA-S9-A6TS-01A-01-TS1,yes
TCGA-06-1801-01Z-00-DX2,no
TCGA-12-0654-01Z-00-DX3,no
TCGA-06-0151-01A-01-TS1,no
TCGA-12-3649-01A-01-BS1,no
TCGA-76-6193-01A-01-BS1,no
TCGA-76-6286-01A-01-TS1,no
TCGA-12-0772-01Z-00-DX1,no
TCGA-DU-7290-01Z-00-DX1,yes
TCGA-FG-A4MT-02A-01-TS1,yes
TCGA-41-2572-01Z-00-DX1,yes
TCGA-12-0620-01A-01-BS1,no
TCGA-02-0011-01B-01-BS1,no
TCGA-DU-A76K-01Z-00-DX1,yes
TCGA-26-5136-01Z-00-DX1,yes
TCGA-DU-6401-01Z-00-DX1,yes
TCGA-06-0749-01Z-00-DX1,no
TCGA-06-0210-01Z-00-DX5,yes
TCGA-DH-A7UU-01Z-00-DX1,yes
TCGA-27-1838-01A-01-TS1,no
TCGA-HW-7491-01Z-00-DX1,yes
TCGA-14-1402-01Z-00-DX1,no
TCGA-DU-A6S6-01Z-00-DX1,yes
TCGA-FG-A4MX-01Z-00-DX1,yes
TCGA-HT-7607-01Z-00-DX9,yes
TCGA-06-0155-01B-01-TS1,no
TCGA-14-0817-01A-01-BS1,yes
TCGA-02-0054-01A-01-TS1,no
TCGA-27-1832-01Z-00-DX1,yes
TCGA-02-0015-01A-01-BS1,no
TCGA-06-0743-01A-01-TS1,no
TCGA-12-0773-01Z-00-DX5,no
TCGA-DU-8158-01Z-00-DX1,yes
TCGA-76-6663-01A-01-TS1,no
TCGA-DH-5142-01Z-00-DX1,yes
TCGA-06-5859-01Z-00-DX1,yes
TCGA-VM-A8C8-01Z-00-DX9,yes
TCGA-19-5955-01A-01-TS1,no
TCGA-06-0882-01Z-00-DX2,no
TCGA-14-0789-01Z-00-DX2,yes
TCGA-28-2509-01A-01-TS1,yes
TCGA-19-0962-01Z-00-DX1,no
TCGA-12-0778-01A-01-TS1,no
TCGA-HT-A74L-01A-01-TS1,yes
TCGA-06-0211-01Z-00-DX1,yes
TCGA-06-0145-01Z-00-DX1,no
TCGA-CS-4941-01Z-00-DX1,yes
TCGA-S9-A6TY-01Z-00-DX1,yes
TCGA-12-0820-01Z-00-DX1,no
TCGA-28-1752-01A-01-TS1,no
TCGA-FG-5965-02B-01-TS1,yes
TCGA-HT-7474-01Z-00-DX1,yes
TCGA-FG-8187-01Z-00-DX1,yes
TCGA-06-0171-01A-01-BS1,no
TCGA-E1-A7YH-01Z-00-DX1,yes
TCGA-HT-7485-01A-01-BS1,yes
TCGA-DU-7018-01Z-00-DX1,yes
TCGA-HT-8013-01Z-00-DX1,yes
TCGA-06-0130-01A-01-TS1,yes
TCGA-VM-A8C9-01Z-00-DX3,yes
TCGA-DU-7006-01Z-00-DX1,yes
TCGA-12-1091-01A-01-TS1,no
TCGA-06-6694-01A-01-BS1,no
TCGA-02-0021-01Z-00-DX1,no
TCGA-DU-5870-01Z-00-DX1,yes
TCGA-DB-A64X-01Z-00-DX1,yes
TCGA-06-5414-01A-01-BS1,no
TCGA-12-5299-01A-01-BS1,yes
TCGA-P5-A736-01Z-00-DX1,yes
TCGA-HT-7475-01Z-00-DX5,yes
TCGA-HT-7607-01Z-00-DX7,yes
TCGA-FG-7641-01B-01-BS1,yes
TCGA-12-0656-01Z-00-DX2,no
TCGA-02-0074-01A-01-BS1,no
TCGA-S9-A7R7-01Z-00-DX1,yes
TCGA-06-0166-01Z-00-DX2,no
TCGA-14-1825-01Z-00-DX3,yes
TCGA-E1-A7Z2-01Z-00-DX1,yes
TCGA-06-0178-01Z-00-DX2,yes
TCGA-02-0085-01Z-00-DX1,no
TCGA-VM-A8CF-01A-01-TS1,yes
TCGA-DB-A64R-01A-01-TS1,yes
TCGA-VM-A8C8-01Z-00-DX7,yes
TCGA-E1-A7YW-01A-01-TSA,yes
TCGA-27-1831-01Z-00-DX4,yes
TCGA-DB-5278-01A-01-TS1,yes
TCGA-DU-7012-01A-01-TS1,yes
TCGA-26-1440-01A-01-BS1,no
TCGA-06-0124-01Z-00-DX1,no
TCGA-HT-7689-01A-01-TS1,yes
TCGA-14-1034-02B-01-TS1,yes
TCGA-TM-A7CA-01A-02-TS2,yes
TCGA-12-0691-01Z-00-DX3,no
TCGA-HT-8114-01Z-00-DX1,yes
TCGA-HT-7858-01A-01-BS1,yes
TCGA-12-0707-01A-01-TS1,no
TCGA-28-1746-01Z-00-DX1,no
TCGA-06-5416-01A-01-TS1,no
TCGA-HT-7475-01Z-00-DX2,yes
TCGA-QH-A6CW-01Z-00-DX1,yes
TCGA-06-5408-01A-01-TS1,no
TCGA-12-0821-01Z-00-DX2,yes
TCGA-06-0166-01Z-00-DX5,no
TCGA-14-1825-01Z-00-DX4,yes
TCGA-06-0178-01Z-00-DX5,yes
TCGA-06-0192-01B-01-BS1,no
TCGA-HT-7468-01Z-00-DX9,yes
TCGA-27-2519-01Z-00-DX1,yes
TCGA-12-1093-01A-01-BS1,no
TCGA-06-2562-01A-01-TS1,yes
TCGA-DB-5273-01Z-00-DX2,yes
TCGA-27-1831-01Z-00-DX3,yes
TCGA-QH-A86X-01Z-00-DX1,yes
TCGA-06-0124-01Z-00-DX6,no
TCGA-19-2629-01A-01-TS1,yes
TCGA-DB-5281-01A-01-TS1,yes
TCGA-76-4926-01B-01-TS1,yes
TCGA-06-0132-01A-01-BS1,yes
TCGA-QH-A65V-01A-01-TS1,yes
TCGA-06-0148-01A-02-BS2,no
TCGA-12-0691-01Z-00-DX4,no
TCGA-06-0173-01A-01-TS1,no
TCGA-28-1750-01A-01-BS1,no
TCGA-08-0389-01Z-00-DX1,no
TCGA-FG-A87N-01Z-00-DX1,yes
TCGA-E1-5303-01A-01-TS1,no
TCGA-HT-7902-01A-01-BS1,yes
TCGA-FG-A6J1-01Z-00-DX1,yes
TCGA-14-1034-01A-01-BS1,yes
TCGA-DU-6392-01Z-00-DX1,yes
TCGA-06-0188-01A-01-BS1,no
TCGA-DB-A75P-01Z-00-DX2,yes
TCGA-12-0657-01Z-00-DX1,no
TCGA-DU-A7TG-01A-02-TS2,yes
TCGA-12-0828-01A-01-BS1,no
TCGA-06-6391-01A-01-BS1,no
TCGA-HT-7695-01A-01-BS1,yes
TCGA-26-1442-01A-01-TS1,no
TCGA-DU-7010-01A-01-BS1,yes
TCGA-32-4209-01A-01-BS1,no
TCGA-02-0034-01A-01-TS2,no
TCGA-19-2623-01Z-00-DX1,no
TCGA-12-1097-01B-01-BS1,no
TCGA-VM-A8C9-01Z-00-DX4,yes
TCGA-FG-A87Q-01A-01-TSA,yes
TCGA-CS-5395-01Z-00-DX1,yes
TCGA-06-0125-01Z-00-DX2,yes
TCGA-DU-8164-01Z-00-DX1,yes
TCGA-12-0615-01Z-00-DX2,no
TCGA-02-0068-01A-01-TS1,no
TCGA-14-1401-01Z-00-DX3,no
TCGA-19-4065-01Z-00-DX1,no
TCGA-06-1084-01Z-00-DX2,no
TCGA-06-0877-01A-01-TS1,no
TCGA-76-6664-01A-01-TS1,no
TCGA-06-0744-01A-01-TS1,yes
TCGA-27-1835-01Z-00-DX1,yes
TCGA-27-2528-01A-01-TS1,yes
TCGA-HT-7603-01Z-00-DX2,yes
TCGA-32-1986-01A-01-TS1,no
TCGA-14-1829-01A-01-BS1,yes
TCGA-HT-7874-01Z-00-DX5,yes
TCGA-06-0649-01Z-00-DX1,no
TCGA-S9-A6WL-01Z-00-DX1,yes
TCGA-26-1438-01A-01-BS1,no
TCGA-HT-A74K-01A-01-TS1,yes
TCGA-06-0216-01Z-00-DX1,no
TCGA-08-0244-01A-01-BS1,no
TCGA-14-0783-01B-01-BS1,no
TCGA-06-0208-01Z-00-DX1,no
TCGA-28-2510-01A-01-TS1,yes
TCGA-19-5952-01A-01-TS1,no
TCGA-19-5958-01Z-00-DX1,no
TCGA-14-1459-01Z-00-DX2,no
TCGA-CS-6670-01A-01-BS1,yes
TCGA-12-1600-01A-01-BS1,no
TCGA-41-2575-01Z-00-DX1,no
TCGA-HT-7687-01Z-00-DX4,yes
TCGA-12-3650-01A-01-BS1,yes
TCGA-12-0775-01Z-00-DX1,no
TCGA-HT-7875-01Z-00-DX1,yes
TCGA-06-0148-01A-01-TS1,no
TCGA-HT-7470-01Z-00-DX4,yes
TCGA-06-0184-01Z-00-DX4,yes
TCGA-16-1055-01B-01-TS1,no
TCGA-02-0115-01A-01-BS1,no
TCGA-19-1387-01A-01-TS1,no
TCGA-HT-A4DV-01A-01-TS1,yes
TCGA-02-0047-01Z-00-DX1,yes
TCGA-32-2491-01A-01-TS1,no
TCGA-S9-A6U8-01Z-00-DX1,yes
TCGA-06-0750-01Z-00-DX1,no
TCGA-06-0209-01Z-00-DX5,no
TCGA-DH-A7UR-01Z-00-DX1,yes
TCGA-WY-A85E-01A-01-TS1,yes
TCGA-06-2559-01A-01-TS1,yes
TCGA-VM-A8CH-01Z-00-DX4,yes
TCGA-DU-A76L-01Z-00-DX1,yes
TCGA-14-0787-01A-01-BS1,yes
TCGA-08-0246-01A-01-TS1,no
TCGA-14-1459-01Z-00-DX5,no
TCGA-28-6450-01A-01-TS1,no
TCGA-TQ-A7RH-01A-01-TS1,yes
TCGA-12-3646-01Z-00-DX1,no
TCGA-F6-A8O4-01Z-00-DX1,yes
TCGA-14-0781-01B-01-TS1,yes
TCGA-P5-A730-01A-01-TSA,yes
TCGA-27-1834-01Z-00-DX2,yes
TCGA-HT-7687-01Z-00-DX3,yes
TCGA-19-5950-01A-01-BS1,no
TCGA-CS-6666-01Z-00-DX1,yes
TCGA-02-0052-01A-01-TS2,no
TCGA-HT-7602-01Z-00-DX1,yes
TCGA-HT-7470-01Z-00-DX3,yes
TCGA-08-0355-01Z-00-DX1,no
TCGA-19-1791-01Z-00-DX1,no
TCGA-HT-7473-01Z-00-DX8,yes
TCGA-06-0184-01Z-00-DX3,yes
TCGA-06-0648-01Z-00-DX2,no
TCGA-02-0051-01A-01-BS1,no
TCGA-06-0143-01Z-00-DX2,no
TCGA-06-0209-01Z-00-DX2,no
TCGA-DU-6410-01A-01-BS1,yes
TCGA-E1-A7YN-01A-01-TSA,yes
TCGA-26-5139-01A-01-BS1,no
TCGA-14-1452-01A-01-TS1,no
TCGA-FG-A711-01Z-00-DX1,yes
TCGA-06-0875-01A-01-BS1,no
TCGA-DU-6542-01Z-00-DX1,yes
TCGA-VM-A8CH-01Z-00-DX3,yes
TCGA-DU-5855-01Z-00-DX1,yes
TCGA-14-1458-01Z-00-DX1,no
TCGA-HT-8564-01A-01-TS1,yes
TCGA-06-5856-01A-01-BS1,yes
TCGA-19-1385-01A-01-BS1,no
TCGA-HT-7874-01Z-00-DX2,yes
TCGA-14-1821-01Z-00-DX1,no
TCGA-06-A6S0-01A-01-TS1,no
TCGA-12-5301-01A-01-BS1,no
TCGA-06-0154-01A-01-BS1,no
TCGA-HT-7608-01A-01-TS1,yes
TCGA-HT-7616-01A-01-TS1,yes
TCGA-14-1456-01B-01-TS1,no
TCGA-12-1602-01A-01-TS1,no
TCGA-06-0208-01Z-00-DX6,no
TCGA-12-3652-01A-01-TS1,yes
TCGA-4W-AA9R-01A-01-TS1,no
TCGA-76-6283-01A-01-BS1,no
TCGA-32-4210-01A-01-BS1,no
TCGA-12-0776-01Z-00-DX3,no
TCGA-HT-7684-01Z-00-DX6,yes
TCGA-19-2624-01Z-00-DX1,yes
TCGA-QH-A6X9-01Z-00-DX1,yes
TCGA-DU-7302-01A-01-TS1,yes
TCGA-14-1396-01Z-00-DX1,no
TCGA-DU-7009-01A-01-BS1,yes
TCGA-14-1795-01Z-00-DX2,no
TCGA-HT-7692-01A-01-BS1,yes
TCGA-DH-A7US-01A-01-TSA,yes
TCGA-06-6388-01A-01-BS1,no
TCGA-FG-8188-01A-01-BS1,yes
TCGA-E1-A7Z4-01Z-00-DX2,yes
TCGA-HT-7473-01Z-00-DX6,yes
TCGA-HT-7601-01Z-00-DX4,yes
TCGA-DU-6395-01Z-00-DX1,yes
TCGA-15-1444-01Z-00-DX2,yes
TCGA-QH-A6CZ-01A-01-TS1,yes
TCGA-41-3393-01A-01-BS1,no
TCGA-R8-A6MO-01Z-00-DXE,yes
TCGA-02-0071-01A-01-TS1,no
TCGA-HT-7856-01Z-00-DX5,yes
TCGA-TM-A84C-01Z-00-DX1,yes
TCGA-DU-8163-01Z-00-DX1,yes
TCGA-06-0122-01Z-00-DX2,no
TCGA-76-4925-01A-01-TS1,yes
TCGA-12-0769-01Z-00-DX7,no
TCGA-27-1836-01Z-00-DX3,no
TCGA-DB-5274-01Z-00-DX2,yes
TCGA-TM-A7C5-01A-01-TS1,yes
TCGA-06-2565-01A-01-TS1,yes
TCGA-12-1094-01A-01-BS1,no
TCGA-DU-A76R-01Z-00-DX1,yes
TCGA-14-0867-01Z-00-DX1,no
TCGA-TM-A84I-01A-01-TS1,yes
TCGA-06-0195-01B-01-BS1,no
TCGA-S9-A89V-01A-01-TS1,yes
TCGA-28-5215-01A-01-BS1,yes
TCGA-12-0826-01Z-00-DX2,no
TCGA-DU-7304-02A-01-TS1,yes
TCGA-HT-7472-01Z-00-DX2,yes
TCGA-19-4068-01A-01-TS1,no
TCGA-06-0644-01A-02-BS2,yes
TCGA-12-1597-01B-01-TS1,no
TCGA-06-5411-01A-01-TS1,no
TCGA-HT-8105-01A-01-BS1,yes
TCGA-HT-7480-01A-01-TS1,yes
TCGA-06-0141-01Z-00-DX3,yes
TCGA-E1-5304-01A-01-TS1,yes
TCGA-28-1757-01A-01-BS1,no
TCGA-12-0688-01Z-00-DX4,no
TCGA-12-1599-01Z-00-DX1,no
TCGA-HT-7857-01Z-00-DX1,no
TCGA-06-0174-01A-01-TS1,no
TCGA-08-0390-01Z-00-DX1,no
TCGA-12-0818-01Z-00-DX4,no
TCGA-28-1749-01A-01-BS1,no
TCGA-WY-A859-01Z-00-DX1,yes
TCGA-DU-A5TU-01A-01-TS1,yes
TCGA-02-2485-01A-01-BS1,yes
TCGA-HT-7677-01A-01-TS1,yes
TCGA-27-1836-01Z-00-DX4,no
TCGA-TQ-A8XE-02A-01-TS1,yes
TCGA-14-0871-01A-01-BS1,no
TCGA-14-1794-01Z-00-DX1,no
TCGA-76-4927-01A-01-BS1,no
TCGA-VM-A8CA-01A-01-TS1,no
TCGA-19-0957-02A-01-BS1,yes
TCGA-06-0686-01A-01-TS1,yes
TCGA-HT-7467-01A-01-TS1,yes
TCGA-08-0386-01A-01-BS1,yes
TCGA-06-0141-01Z-00-DX4,yes
TCGA-HT-7479-01A-01-TS1,yes
TCGA-HT-8113-01Z-00-DX1,yes
TCGA-12-0688-01Z-00-DX3,no
TCGA-P5-A72W-01Z-00-DX1,yes
TCGA-E1-A7YE-01A-01-TS1,yes
TCGA-HT-7620-01Z-00-DX1,yes
TCGA-12-0818-01Z-00-DX3,no
TCGA-DH-A66F-01Z-00-DX1,yes
TCGA-S9-A7IS-01A-01-TS1,yes
TCGA-12-1092-01B-01-TS1,no
TCGA-DU-7015-01A-01-TS1,yes
TCGA-DU-7300-01A-01-BS1,yes
TCGA-HT-7690-01A-01-TS1,yes
TCGA-DB-5275-01Z-00-DX1,yes
TCGA-06-0137-01A-01-TS1,no
TCGA-HT-7684-01Z-00-DX1,yes
TCGA-06-0129-01A-01-TS1,yes
TCGA-S9-A7IY-01Z-00-DX1,yes
TCGA-14-1795-01Z-00-DX5,no
TCGA-12-0619-01A-01-TS1,yes
TCGA-HT-7482-01A-01-BS1,yes
TCGA-06-0187-01Z-00-DX1,yes
TCGA-E1-5318-01A-01-BS1,yes
TCGA-HT-8107-01A-01-TS1,yes
TCGA-E1-A7YO-01Z-00-DX1,yes
TCGA-06-A7TK-01A-02-TS2,no
TCGA-06-0176-01A-01-BS1,no
TCGA-HT-7473-01Z-00-DX1,yes
TCGA-HT-7601-01Z-00-DX3,yes
TCGA-28-1755-01A-01-TS1,no
TCGA-HT-A5R9-01Z-00-DX1,yes
TCGA-06-0168-01A-01-BS1,yes
TCGA-12-0827-01Z-00-DX1,no
TCGA-P5-A731-01Z-00-DX1,yes
TCGA-R8-A6MO-01Z-00-DXB,yes
TCGA-06-5413-01A-01-BS1,no
TCGA-HT-7856-01Z-00-DX2,yes
TCGA-28-5209-01A-01-TS1,yes
TCGA-12-1598-01Z-00-DX2,no
TCGA-02-0026-01Z-00-DX1,no
TCGA-06-6693-01A-01-BS1,no
TCGA-12-1088-01A-01-TS1,no
TCGA-06-2567-01A-01-BS1,yes
TCGA-02-0038-01Z-00-DX1,no
TCGA-12-1096-01A-01-TS1,no
