wsi_file_name,tcga_project
TCGA-27-2521-01A-01-BS1,TCGA-GBM
TCGA-27-2521-01A-01-TS1,TCGA-GBM
TCGA-27-2521-01Z-00-DX1,TCGA-GBM
TCGA-19-1390-01A-01-BS1,TCGA-GBM
TCGA-27-1830-01A-01-BS1,TCGA-GBM
TCGA-27-1830-01A-01-TS1,TCGA-GBM
TCGA-27-1830-01Z-00-DX1,TCGA-GBM
TCGA-27-1830-01Z-00-DX2,TCGA-GBM
TCGA-27-1830-01Z-00-DX3,TCGA-GBM
TCGA-32-1970-01A-01-BS1,TCGA-GBM
TCGA-32-1970-01A-01-TS1,TCGA-GBM
TCGA-06-0190-01A-01-BS1,TCGA-GBM
TCGA-06-0190-01Z-00-DX1,TCGA-GBM
TCGA-06-0190-01A-01-BS1,TCGA-GBM
TCGA-06-0190-01Z-00-DX1,TCGA-GBM
TCGA-02-2486-01A-01-BS1,TCGA-GBM
TCGA-02-2486-01A-01-TS1,TCGA-GBM
TCGA-14-0790-01B-01-BS1,TCGA-GBM
TCGA-14-0790-01B-01-TS1,TCGA-GBM
TCGA-14-0789-01A-01-BS1,TCGA-GBM
TCGA-14-0789-01A-01-TS1,TCGA-GBM
TCGA-14-0789-01Z-00-DX1,TCGA-GBM
TCGA-14-0789-01Z-00-DX2,TCGA-GBM
TCGA-14-0789-01Z-00-DX3,TCGA-GBM
TCGA-14-0789-01Z-00-DX4,TCGA-GBM
TCGA-14-0789-01Z-00-DX6,TCGA-GBM
TCGA-14-0789-01Z-00-DX7,TCGA-GBM
TCGA-06-0645-01A-01-BS1,TCGA-GBM
TCGA-76-4926-01B-01-BS1,TCGA-GBM
TCGA-76-4926-01B-01-TS1,TCGA-GBM
TCGA-28-5220-01A-01-BS1,TCGA-GBM
TCGA-28-5220-01A-01-TS1,TCGA-GBM
TCGA-27-1835-01A-01-TS1,TCGA-GBM
TCGA-27-1835-01Z-00-DX1,TCGA-GBM
TCGA-27-1835-01Z-00-DX2,TCGA-GBM
TCGA-19-0957-01C-01-BS1,TCGA-GBM
TCGA-19-0957-02A-01-BS1,TCGA-GBM
TCGA-19-0957-02A-01-TS1,TCGA-GBM
TCGA-28-2509-01A-01-BS1,TCGA-GBM
TCGA-28-2509-01A-01-TS1,TCGA-GBM
TCGA-14-2554-01A-01-BS1,TCGA-GBM
TCGA-14-2554-01A-01-TS1,TCGA-GBM
TCGA-06-2563-01A-01-BS1,TCGA-GBM
TCGA-06-2563-01A-01-TS1,TCGA-GBM
TCGA-27-1837-01A-01-BS1,TCGA-GBM
TCGA-27-1837-01A-01-TS1,TCGA-GBM
TCGA-27-1837-01Z-00-DX1,TCGA-GBM
TCGA-06-6698-01A-01-BS1,TCGA-GBM
TCGA-06-6698-01A-01-TS1,TCGA-GBM
TCGA-27-2528-01A-01-BS1,TCGA-GBM
TCGA-27-2528-01A-01-TS1,TCGA-GBM
TCGA-27-2528-01Z-00-DX1,TCGA-GBM
TCGA-32-1982-01A-01-BS1,TCGA-GBM
TCGA-32-1982-01A-01-TS1,TCGA-GBM
TCGA-06-0686-01A-01-TS1,TCGA-GBM
TCGA-06-5858-01A-01-BS1,TCGA-GBM
TCGA-06-5858-01A-01-TS1,TCGA-GBM
TCGA-06-5858-01Z-00-DX1,TCGA-GBM
TCGA-27-1832-01A-01-TS1,TCGA-GBM
TCGA-27-1832-01Z-00-DX1,TCGA-GBM
TCGA-27-1832-01Z-00-DX2,TCGA-GBM
TCGA-27-1832-01Z-00-DX3,TCGA-GBM
TCGA-27-1832-01Z-00-DX4,TCGA-GBM
TCGA-27-1831-01A-01-BS1,TCGA-GBM
TCGA-27-1831-01A-01-TS1,TCGA-GBM
TCGA-27-1831-01Z-00-DX1,TCGA-GBM
TCGA-27-1831-01Z-00-DX2,TCGA-GBM
TCGA-27-1831-01Z-00-DX3,TCGA-GBM
TCGA-27-1831-01Z-00-DX4,TCGA-GBM
TCGA-12-5299-01A-01-BS1,TCGA-GBM
TCGA-12-5299-01A-02-BS2,TCGA-GBM
TCGA-32-2632-01A-01-TS1,TCGA-GBM
TCGA-06-2569-01A-01-BS1,TCGA-GBM
TCGA-06-2569-01A-01-TS1,TCGA-GBM
TCGA-06-0649-01B-01-BS1,TCGA-GBM
TCGA-06-0649-01B-01-TS1,TCGA-GBM
TCGA-06-0649-01Z-00-DX2,TCGA-GBM
TCGA-28-2510-01A-01-BS1,TCGA-GBM
TCGA-28-2510-01A-01-TS1,TCGA-GBM
TCGA-26-5135-01A-01-BS1,TCGA-GBM
TCGA-26-5135-01A-01-TS1,TCGA-GBM
TCGA-26-5135-01Z-00-DX1,TCGA-GBM
TCGA-28-5213-01A-01-BS1,TCGA-GBM
TCGA-28-5213-01A-01-TS1,TCGA-GBM
TCGA-06-5415-01Z-00-DX1,TCGA-GBM
TCGA-06-5414-01Z-00-DX1,TCGA-GBM
TCGA-06-5410-01Z-00-DX1,TCGA-GBM
TCGA-06-2564-01A-01-BS1,TCGA-GBM
TCGA-06-2564-01A-01-TS1,TCGA-GBM
TCGA-19-5960-01A-01-BS1,TCGA-GBM
TCGA-19-5960-01A-01-TS1,TCGA-GBM
TCGA-19-5960-01Z-00-DX1,TCGA-GBM
TCGA-14-0781-01B-01-TS1,TCGA-GBM
TCGA-06-0878-01Z-00-DX1,TCGA-GBM
TCGA-06-0878-01Z-00-DX2,TCGA-GBM
TCGA-14-0787-01A-01-BS1,TCGA-GBM
TCGA-14-0787-01A-01-TS1,TCGA-GBM
TCGA-14-0787-01Z-00-DX2,TCGA-GBM
TCGA-27-2524-01A-01-BS1,TCGA-GBM
TCGA-27-2524-01A-01-TS1,TCGA-GBM
TCGA-27-2524-01Z-00-DX1,TCGA-GBM
TCGA-06-5408-01Z-00-DX1,TCGA-GBM
TCGA-06-2570-01A-01-BS1,TCGA-GBM
TCGA-06-2570-01A-01-TS1,TCGA-GBM
TCGA-28-5216-01A-01-BS1,TCGA-GBM
TCGA-28-5216-01A-01-TS1,TCGA-GBM
TCGA-76-4929-01A-01-BS1,TCGA-GBM
TCGA-76-4929-01A-01-TS1,TCGA-GBM
TCGA-12-5295-01A-01-BS1,TCGA-GBM
TCGA-12-5295-01A-01-TS1,TCGA-GBM
TCGA-28-5215-01A-01-BS1,TCGA-GBM
TCGA-28-5215-01A-01-TS1,TCGA-GBM
TCGA-06-2559-01A-01-BS1,TCGA-GBM
TCGA-06-2559-01A-01-TS1,TCGA-GBM
TCGA-26-5139-01Z-00-DX1,TCGA-GBM
TCGA-06-0743-01A-01-BS1,TCGA-GBM
TCGA-06-0743-01Z-00-DX1,TCGA-GBM
TCGA-76-4928-01B-01-BS1,TCGA-GBM
TCGA-76-4928-01B-01-TS1,TCGA-GBM
TCGA-14-1825-01A-01-BS1,TCGA-GBM
TCGA-14-1825-01A-01-TS1,TCGA-GBM
TCGA-14-1825-01Z-00-DX1,TCGA-GBM
TCGA-14-1825-01Z-00-DX2,TCGA-GBM
TCGA-14-1825-01Z-00-DX3,TCGA-GBM
TCGA-14-1825-01Z-00-DX4,TCGA-GBM
TCGA-06-5412-01Z-00-DX1,TCGA-GBM
TCGA-12-0821-01A-01-TS1,TCGA-GBM
TCGA-12-0821-01Z-00-DX1,TCGA-GBM
TCGA-12-0821-01Z-00-DX2,TCGA-GBM
TCGA-12-0821-01Z-00-DX3,TCGA-GBM
TCGA-12-0616-01A-01-TS1,TCGA-GBM
TCGA-12-0616-01Z-00-DX1,TCGA-GBM
TCGA-12-0616-01Z-00-DX2,TCGA-GBM
TCGA-12-0616-01Z-00-DX3,TCGA-GBM
TCGA-12-0616-01Z-00-DX4,TCGA-GBM
TCGA-12-0616-01Z-00-DX5,TCGA-GBM
TCGA-12-0616-01Z-00-DX6,TCGA-GBM
TCGA-06-5856-01A-01-BS1,TCGA-GBM
TCGA-06-5856-01A-01-TS1,TCGA-GBM
TCGA-06-5856-01Z-00-DX1,TCGA-GBM
TCGA-14-0817-01A-01-BS1,TCGA-GBM
TCGA-14-0817-01A-01-TS1,TCGA-GBM
TCGA-14-0817-01Z-00-DX1,TCGA-GBM
TCGA-14-0817-01Z-00-DX2,TCGA-GBM
TCGA-14-0817-01Z-00-DX3,TCGA-GBM
TCGA-12-3650-01A-01-BS1,TCGA-GBM
TCGA-12-3650-01A-01-TS1,TCGA-GBM
TCGA-12-3650-01Z-00-DX1,TCGA-GBM
TCGA-12-3650-01Z-00-DX2,TCGA-GBM
TCGA-41-4097-01A-01-BS1,TCGA-GBM
TCGA-41-4097-01A-01-TS1,TCGA-GBM
TCGA-41-4097-01Z-00-DX1,TCGA-GBM
TCGA-14-0871-01A-01-TS1,TCGA-GBM
TCGA-14-0871-01Z-00-DX2,TCGA-GBM
TCGA-14-0871-01Z-00-DX3,TCGA-GBM
TCGA-27-1834-01A-01-BS1,TCGA-GBM
TCGA-27-1834-01A-01-TS1,TCGA-GBM
TCGA-27-1834-01Z-00-DX1,TCGA-GBM
TCGA-27-1834-01Z-00-DX2,TCGA-GBM
TCGA-41-2571-01A-01-BS1,TCGA-GBM
TCGA-41-2571-01A-01-TS1,TCGA-GBM
TCGA-41-2571-01Z-00-DX1,TCGA-GBM
TCGA-76-4931-01A-01-BS1,TCGA-GBM
TCGA-76-4931-01A-01-TS1,TCGA-GBM
TCGA-06-5413-01Z-00-DX1,TCGA-GBM
TCGA-26-5133-01A-01-BS1,TCGA-GBM
TCGA-26-5133-01A-01-TS1,TCGA-GBM
TCGA-26-5133-01Z-00-DX1,TCGA-GBM
TCGA-02-2483-01A-01-TS1,TCGA-GBM
TCGA-06-0158-01A-01-BS1,TCGA-GBM
TCGA-06-0158-01Z-00-DX1,TCGA-GBM
TCGA-41-5651-01A-01-BS1,TCGA-GBM
TCGA-41-5651-01A-01-TS1,TCGA-GBM
TCGA-41-5651-01Z-00-DX1,TCGA-GBM
TCGA-06-2565-01A-01-BS1,TCGA-GBM
TCGA-06-2565-01A-01-TS1,TCGA-GBM
TCGA-06-2558-01A-01-BS1,TCGA-GBM
TCGA-06-2558-01A-01-TS1,TCGA-GBM
TCGA-28-5218-01A-01-BS1,TCGA-GBM
TCGA-28-5218-01A-01-TS1,TCGA-GBM
TCGA-32-1980-01A-01-TS1,TCGA-GBM
TCGA-06-2561-01A-01-BS1,TCGA-GBM
TCGA-06-2561-01A-02-BS2,TCGA-GBM
TCGA-06-0646-01A-01-BS1,TCGA-GBM
TCGA-06-0646-01Z-00-DX1,TCGA-GBM
TCGA-06-0646-01Z-00-DX2,TCGA-GBM
TCGA-06-0646-01Z-00-DX3,TCGA-GBM
TCGA-19-2629-01A-01-TS1,TCGA-GBM
TCGA-19-2629-01Z-00-DX1,TCGA-GBM
TCGA-06-0238-01A-01-BS1,TCGA-GBM
TCGA-06-0238-01Z-00-DX1,TCGA-GBM
TCGA-06-0174-01Z-00-DX1,TCGA-GBM
TCGA-06-0174-01Z-00-DX2,TCGA-GBM
TCGA-06-0174-01Z-00-DX3,TCGA-GBM
TCGA-06-0174-01Z-00-DX4,TCGA-GBM
TCGA-32-5222-01A-01-BS1,TCGA-GBM
TCGA-32-5222-01A-01-TS1,TCGA-GBM
TCGA-12-0618-01A-01-BS1,TCGA-GBM
TCGA-12-0618-01A-01-TS1,TCGA-GBM
TCGA-12-0618-01Z-00-DX1,TCGA-GBM
TCGA-12-0618-01Z-00-DX2,TCGA-GBM
TCGA-12-0618-01Z-00-DX3,TCGA-GBM
TCGA-12-0618-01Z-00-DX4,TCGA-GBM
TCGA-06-0211-01A-01-BS1,TCGA-GBM
TCGA-06-0211-01B-01-BS1,TCGA-GBM
TCGA-06-0211-01Z-00-DX1,TCGA-GBM
TCGA-06-0211-01Z-00-DX2,TCGA-GBM
TCGA-06-0211-01A-01-BS1,TCGA-GBM
TCGA-06-0211-01B-01-BS1,TCGA-GBM
TCGA-06-0211-01Z-00-DX1,TCGA-GBM
TCGA-06-0211-01Z-00-DX2,TCGA-GBM
TCGA-06-0211-01A-01-BS1,TCGA-GBM
TCGA-06-0211-01B-01-BS1,TCGA-GBM
TCGA-06-0211-01Z-00-DX1,TCGA-GBM
TCGA-06-0211-01Z-00-DX2,TCGA-GBM
TCGA-06-0129-01A-01-BS1,TCGA-GBM
TCGA-06-0129-01A-01-TS1,TCGA-GBM
TCGA-06-0129-01Z-00-DX1,TCGA-GBM
TCGA-06-0129-01Z-00-DX3,TCGA-GBM
TCGA-06-0168-01A-01-BS1,TCGA-GBM
TCGA-06-0168-01Z-00-DX1,TCGA-GBM
TCGA-06-0168-01Z-00-DX2,TCGA-GBM
TCGA-06-0168-01Z-00-DX3,TCGA-GBM
TCGA-06-0125-01A-01-BS1,TCGA-GBM
TCGA-06-0125-01A-01-TS1,TCGA-GBM
TCGA-06-0125-01Z-00-DX2,TCGA-GBM
TCGA-15-1444-01A-02-BS2,TCGA-GBM
TCGA-15-1444-01Z-00-DX1,TCGA-GBM
TCGA-15-1444-01Z-00-DX2,TCGA-GBM
TCGA-27-2523-01A-01-BS1,TCGA-GBM
TCGA-27-2523-01A-01-TS1,TCGA-GBM
TCGA-27-2523-01Z-00-DX1,TCGA-GBM
TCGA-06-0130-01A-01-TS1,TCGA-GBM
TCGA-06-0130-01Z-00-DX2,TCGA-GBM
TCGA-12-3653-01A-01-BS1,TCGA-GBM
TCGA-12-3653-01A-01-TS1,TCGA-GBM
TCGA-12-3653-01Z-00-DX1,TCGA-GBM
TCGA-12-3653-01Z-00-DX2,TCGA-GBM
TCGA-12-3653-01Z-00-DX3,TCGA-GBM
TCGA-12-3653-01Z-00-DX4,TCGA-GBM
TCGA-28-2514-01A-01-BS1,TCGA-GBM
TCGA-28-2514-01A-02-BS2,TCGA-GBM
TCGA-06-0219-01A-01-BS1,TCGA-GBM
TCGA-06-0219-01Z-00-DX1,TCGA-GBM
TCGA-06-0219-01Z-00-DX2,TCGA-GBM
TCGA-06-0747-01A-01-BS1,TCGA-GBM
TCGA-06-0747-01Z-00-DX1,TCGA-GBM
TCGA-06-0747-01Z-00-DX2,TCGA-GBM
TCGA-06-0747-01Z-00-DX3,TCGA-GBM
TCGA-06-0747-01Z-00-DX4,TCGA-GBM
TCGA-06-0747-01Z-00-DX5,TCGA-GBM
TCGA-06-5859-01A-01-BS1,TCGA-GBM
TCGA-06-5859-01A-01-TS1,TCGA-GBM
TCGA-06-5859-01Z-00-DX1,TCGA-GBM
TCGA-41-3915-01A-01-BS1,TCGA-GBM
TCGA-41-3915-01A-01-TS1,TCGA-GBM
TCGA-41-3915-01Z-00-DX1,TCGA-GBM
TCGA-06-0882-01A-01-BS1,TCGA-GBM
TCGA-06-0882-01A-01-TS1,TCGA-GBM
TCGA-26-5136-01B-01-BS1,TCGA-GBM
TCGA-26-5136-01Z-00-DX1,TCGA-GBM
TCGA-19-2624-01A-01-BS1,TCGA-GBM
TCGA-19-2624-01A-01-TS1,TCGA-GBM
TCGA-19-2624-01Z-00-DX1,TCGA-GBM
TCGA-06-5411-01Z-00-DX1,TCGA-GBM
TCGA-16-0846-01A-01-BS1,TCGA-GBM
TCGA-16-0846-01A-01-TS2,TCGA-GBM
TCGA-06-0644-01A-02-BS2,TCGA-GBM
TCGA-06-0644-01Z-00-DX1,TCGA-GBM
TCGA-28-5204-01A-01-BS1,TCGA-GBM
TCGA-28-5204-01A-01-TS1,TCGA-GBM
TCGA-19-2620-01A-01-BS1,TCGA-GBM
TCGA-19-2620-01A-01-TS1,TCGA-GBM
TCGA-19-2620-01Z-00-DX1,TCGA-GBM
TCGA-06-0210-01B-01-TS1,TCGA-GBM
TCGA-06-0210-01Z-00-DX1,TCGA-GBM
TCGA-06-0210-01Z-00-DX3,TCGA-GBM
TCGA-06-0210-01Z-00-DX4,TCGA-GBM
TCGA-06-0210-01Z-00-DX5,TCGA-GBM
TCGA-32-4213-01A-01-BS1,TCGA-GBM
TCGA-32-4213-01A-01-TS1,TCGA-GBM
TCGA-06-0141-01A-01-BS1,TCGA-GBM
TCGA-06-0141-01Z-00-DX1,TCGA-GBM
TCGA-06-0141-01Z-00-DX2,TCGA-GBM
TCGA-06-0141-01Z-00-DX3,TCGA-GBM
TCGA-06-0141-01Z-00-DX4,TCGA-GBM
TCGA-06-0141-01Z-00-DX5,TCGA-GBM
TCGA-06-2567-01A-01-BS1,TCGA-GBM
TCGA-06-5418-01Z-00-DX1,TCGA-GBM
TCGA-02-2485-01A-01-BS1,TCGA-GBM
TCGA-02-2485-01A-01-TS1,TCGA-GBM
TCGA-06-2562-01A-01-BS1,TCGA-GBM
TCGA-06-2562-01A-01-TS1,TCGA-GBM
TCGA-28-5207-01A-01-BS1,TCGA-GBM
TCGA-28-5207-01A-01-TS1,TCGA-GBM
TCGA-06-0749-01A-01-BS1,TCGA-GBM
TCGA-06-0749-01Z-00-DX3,TCGA-GBM
TCGA-06-0749-01Z-00-DX4,TCGA-GBM
TCGA-06-0157-01A-01-BS1,TCGA-GBM
TCGA-06-0157-01A-01-TS1,TCGA-GBM
TCGA-06-0157-01Z-00-DX1,TCGA-GBM
TCGA-06-0157-01Z-00-DX2,TCGA-GBM
TCGA-06-0157-01Z-00-DX4,TCGA-GBM
TCGA-06-0157-01Z-00-DX5,TCGA-GBM
TCGA-06-0152-01A-02-BS2,TCGA-GBM
TCGA-06-0152-01Z-00-DX1,TCGA-GBM
TCGA-06-0152-01Z-00-DX2,TCGA-GBM
TCGA-06-0152-01Z-00-DX3,TCGA-GBM
TCGA-06-0152-01Z-00-DX4,TCGA-GBM
TCGA-06-0152-01Z-00-DX5,TCGA-GBM
TCGA-06-0152-01Z-00-DX6,TCGA-GBM
TCGA-06-0152-01Z-00-DX7,TCGA-GBM
TCGA-06-0152-01Z-00-DX8,TCGA-GBM
TCGA-06-0152-01Z-00-DX9,TCGA-GBM
TCGA-15-0742-01A-01-BS1,TCGA-GBM
TCGA-15-0742-01A-01-TS1,TCGA-GBM
TCGA-15-0742-01Z-00-DX1,TCGA-GBM
TCGA-15-0742-01Z-00-DX2,TCGA-GBM
TCGA-19-2625-01A-01-BS1,TCGA-GBM
TCGA-19-2625-01A-01-TS1,TCGA-GBM
TCGA-19-2625-01Z-00-DX1,TCGA-GBM
TCGA-06-0210-01B-01-TS1,TCGA-GBM
TCGA-06-0210-01Z-00-DX1,TCGA-GBM
TCGA-06-0210-01Z-00-DX3,TCGA-GBM
TCGA-06-0210-01Z-00-DX4,TCGA-GBM
TCGA-06-0210-01Z-00-DX5,TCGA-GBM
TCGA-02-0047-01A-01-BS1,TCGA-GBM
TCGA-02-0047-01A-01-TS1,TCGA-GBM
TCGA-02-0047-01Z-00-DX1,TCGA-GBM
TCGA-28-5208-01A-01-BS1,TCGA-GBM
TCGA-28-5208-01A-01-TS1,TCGA-GBM
TCGA-32-2615-01A-01-BS1,TCGA-GBM
TCGA-32-2615-01A-01-TS1,TCGA-GBM
TCGA-28-2513-01A-01-BS1,TCGA-GBM
TCGA-19-1389-01A-01-BS1,TCGA-GBM
TCGA-19-1389-01Z-00-DX1,TCGA-GBM
TCGA-19-1389-02A-01-BS1,TCGA-GBM
TCGA-08-0386-01A-01-BS1,TCGA-GBM
TCGA-08-0386-01Z-00-DX1,TCGA-GBM
TCGA-06-0745-01A-01-BS1,TCGA-GBM
TCGA-06-0745-01Z-00-DX1,TCGA-GBM
TCGA-06-2557-01A-01-BS1,TCGA-GBM
TCGA-06-2557-01A-01-TS1,TCGA-GBM
TCGA-16-1045-01B-01-BS1,TCGA-GBM
TCGA-16-1045-01B-01-TS1,TCGA-GBM
TCGA-02-0055-01A-01-BS1,TCGA-GBM
TCGA-06-0132-01A-01-BS1,TCGA-GBM
TCGA-06-0132-01A-02-BS2,TCGA-GBM
TCGA-06-0138-01A-01-BS1,TCGA-GBM
TCGA-06-0138-01A-01-TS1,TCGA-GBM
TCGA-06-0138-01Z-00-DX1,TCGA-GBM
TCGA-06-0138-01Z-00-DX2,TCGA-GBM
TCGA-06-0138-01Z-00-DX3,TCGA-GBM
TCGA-06-0138-01Z-00-DX4,TCGA-GBM
TCGA-06-0744-01A-01-TS1,TCGA-GBM
TCGA-06-0744-01Z-00-DX1,TCGA-GBM
TCGA-06-0178-01A-01-BS1,TCGA-GBM
TCGA-06-0178-01A-01-TS1,TCGA-GBM
TCGA-06-0178-01Z-00-DX1,TCGA-GBM
TCGA-06-0178-01Z-00-DX2,TCGA-GBM
TCGA-06-0178-01Z-00-DX3,TCGA-GBM
TCGA-06-0178-01Z-00-DX4,TCGA-GBM
TCGA-06-0178-01Z-00-DX5,TCGA-GBM
TCGA-06-0178-01Z-00-DX6,TCGA-GBM
TCGA-06-0178-01Z-00-DX7,TCGA-GBM
TCGA-06-0178-01Z-00-DX8,TCGA-GBM
TCGA-26-1442-01A-01-BS1,TCGA-GBM
TCGA-26-1442-01Z-00-DX1,TCGA-GBM
TCGA-27-2526-01A-01-TS1,TCGA-GBM
TCGA-27-2526-01Z-00-DX1,TCGA-GBM
TCGA-06-0125-01A-01-BS1,TCGA-GBM
TCGA-06-0125-01A-01-TS1,TCGA-GBM
TCGA-06-0125-01Z-00-DX2,TCGA-GBM
TCGA-14-1823-01A-01-BS1,TCGA-GBM
TCGA-14-1823-01A-01-TS1,TCGA-GBM
TCGA-14-1823-01Z-00-DX2,TCGA-GBM
TCGA-14-1823-01Z-00-DX3,TCGA-GBM
TCGA-14-1823-01Z-00-DX4,TCGA-GBM
TCGA-06-0187-01A-01-BS1,TCGA-GBM
TCGA-06-0187-01A-01-TS1,TCGA-GBM
TCGA-06-0187-01Z-00-DX1,TCGA-GBM
TCGA-06-0187-01Z-00-DX2,TCGA-GBM
TCGA-06-0187-01Z-00-DX3,TCGA-GBM
TCGA-06-0187-01Z-00-DX4,TCGA-GBM
TCGA-14-1034-01A-01-BS1,TCGA-GBM
TCGA-14-1034-01A-01-TS1,TCGA-GBM
TCGA-14-1034-01Z-00-DX1,TCGA-GBM
TCGA-14-1034-01Z-00-DX2,TCGA-GBM
TCGA-14-1034-01Z-00-DX3,TCGA-GBM
TCGA-14-1034-02B-01-BS1,TCGA-GBM
TCGA-14-1034-02B-01-TS1,TCGA-GBM
TCGA-14-1034-01A-01-BS1,TCGA-GBM
TCGA-14-1034-01A-01-TS1,TCGA-GBM
TCGA-14-1034-01Z-00-DX1,TCGA-GBM
TCGA-14-1034-01Z-00-DX2,TCGA-GBM
TCGA-14-1034-01Z-00-DX3,TCGA-GBM
TCGA-14-1034-02B-01-BS1,TCGA-GBM
TCGA-14-1034-02B-01-TS1,TCGA-GBM
TCGA-06-0171-01Z-00-DX1,TCGA-GBM
TCGA-06-0171-01Z-00-DX2,TCGA-GBM
TCGA-06-0171-01Z-00-DX3,TCGA-GBM
TCGA-06-0171-01Z-00-DX4,TCGA-GBM
TCGA-06-0171-01Z-00-DX5,TCGA-GBM
TCGA-12-0619-01A-01-TS1,TCGA-GBM
TCGA-12-0619-01Z-00-DX1,TCGA-GBM
TCGA-12-0619-01Z-00-DX2,TCGA-GBM
TCGA-12-0619-01Z-00-DX3,TCGA-GBM
TCGA-06-0750-01A-01-TS1,TCGA-GBM
TCGA-06-0750-01Z-00-DX2,TCGA-GBM
TCGA-06-0750-01Z-00-DX3,TCGA-GBM
TCGA-06-0750-01Z-00-DX4,TCGA-GBM
TCGA-32-2634-01A-01-BS1,TCGA-GBM
TCGA-32-2634-01A-01-TS1,TCGA-GBM
TCGA-41-2572-01A-01-BS1,TCGA-GBM
TCGA-41-2572-01Z-00-DX1,TCGA-GBM
TCGA-06-0221-01A-01-BS1,TCGA-GBM
TCGA-06-0221-01A-01-TS1,TCGA-GBM
TCGA-06-0221-01Z-00-DX1,TCGA-GBM
TCGA-06-0221-01Z-00-DX2,TCGA-GBM
TCGA-06-0221-01Z-00-DX3,TCGA-GBM
TCGA-06-0221-01Z-00-DX4,TCGA-GBM
TCGA-06-0221-01Z-00-DX5,TCGA-GBM
TCGA-06-0221-01Z-00-DX6,TCGA-GBM
TCGA-28-1747-01C-01-BS1,TCGA-GBM
TCGA-28-1747-01C-01-TS1,TCGA-GBM
TCGA-27-2519-01A-01-TS1,TCGA-GBM
TCGA-27-2519-01Z-00-DX1,TCGA-GBM
TCGA-26-5134-01A-01-BS1,TCGA-GBM
TCGA-26-5134-01Z-00-DX1,TCGA-GBM
TCGA-06-1804-01A-01-BS1,TCGA-GBM
TCGA-06-1804-01A-01-TS1,TCGA-GBM
TCGA-14-1829-01A-01-BS1,TCGA-GBM
TCGA-14-1829-01A-01-TS1,TCGA-GBM
TCGA-14-1829-01Z-00-DX1,TCGA-GBM
TCGA-14-1829-01Z-00-DX2,TCGA-GBM
TCGA-14-1829-01Z-00-DX3,TCGA-GBM
TCGA-14-1829-01Z-00-DX4,TCGA-GBM
TCGA-14-1829-01Z-00-DX5,TCGA-GBM
TCGA-14-1829-01Z-00-DX6,TCGA-GBM
TCGA-14-1829-01Z-00-DX7,TCGA-GBM
TCGA-14-1829-01Z-00-DX8,TCGA-GBM
TCGA-06-0184-01A-01-BS1,TCGA-GBM
TCGA-06-0184-01A-01-TS1,TCGA-GBM
TCGA-06-0184-01Z-00-DX1,TCGA-GBM
TCGA-06-0184-01Z-00-DX2,TCGA-GBM
TCGA-06-0184-01Z-00-DX3,TCGA-GBM
TCGA-06-0184-01Z-00-DX4,TCGA-GBM
TCGA-12-3652-01A-01-BS1,TCGA-GBM
TCGA-12-3652-01A-01-TS1,TCGA-GBM
TCGA-12-3652-01Z-00-DX1,TCGA-GBM
TCGA-12-3652-01Z-00-DX2,TCGA-GBM
TCGA-12-3652-01Z-00-DX3,TCGA-GBM
TCGA-12-3652-01Z-00-DX4,TCGA-GBM
TCGA-28-5209-01A-01-BS1,TCGA-GBM
TCGA-28-5209-01A-01-TS1,TCGA-GBM
TCGA-76-4925-01A-01-BS1,TCGA-GBM
TCGA-76-4925-01A-01-TS1,TCGA-GBM
TCGA-FG-6692-01A-01-TS1,TCGA-LGG
TCGA-FG-6692-01Z-00-DX1,TCGA-LGG
TCGA-DU-7302-01A-01-BS1,TCGA-LGG
TCGA-DU-7302-01A-01-TS1,TCGA-LGG
TCGA-DU-7302-01Z-00-DX1,TCGA-LGG
TCGA-DU-7010-01A-01-BS1,TCGA-LGG
TCGA-DU-7010-01A-01-TS1,TCGA-LGG
TCGA-DU-7010-01Z-00-DX1,TCGA-LGG
TCGA-EZ-7264-01A-01-BS1,TCGA-LGG
TCGA-EZ-7264-01A-01-TS1,TCGA-LGG
TCGA-EZ-7264-01Z-00-DX1,TCGA-LGG
TCGA-HT-A5R7-01A-01-TS1,TCGA-LGG
TCGA-HT-A5R7-01Z-00-DX1,TCGA-LGG
TCGA-HT-8109-01A-01-BS1,TCGA-LGG
TCGA-HT-8109-01A-01-TS1,TCGA-LGG
TCGA-HT-8109-01Z-00-DX1,TCGA-LGG
TCGA-HT-8018-01A-01-BS1,TCGA-LGG
TCGA-HT-8018-01A-01-TS1,TCGA-LGG
TCGA-HT-8018-01Z-00-DX1,TCGA-LGG
TCGA-HT-7603-01A-01-BS1,TCGA-LGG
TCGA-HT-7603-01Z-00-DX1,TCGA-LGG
TCGA-HT-7603-01Z-00-DX2,TCGA-LGG
TCGA-HT-7603-01Z-00-DX3,TCGA-LGG
TCGA-DU-7013-01A-01-BS1,TCGA-LGG
TCGA-DU-7013-01A-01-TS1,TCGA-LGG
TCGA-DU-7013-01Z-00-DX1,TCGA-LGG
TCGA-QH-A65S-01A-01-TS1,TCGA-LGG
TCGA-QH-A65S-01Z-00-DX1,TCGA-LGG
TCGA-QH-A6X5-01A-01-TSA,TCGA-LGG
TCGA-QH-A6X5-01Z-00-DX1,TCGA-LGG
TCGA-HT-7483-01A-01-BS1,TCGA-LGG
TCGA-HT-7483-01A-01-TS1,TCGA-LGG
TCGA-HT-7483-01Z-00-DX2,TCGA-LGG
TCGA-HT-7483-01Z-00-DX3,TCGA-LGG
TCGA-HT-7483-01Z-00-DX4,TCGA-LGG
TCGA-DU-6403-01A-01-BS1,TCGA-LGG
TCGA-DU-6403-01A-01-TS1,TCGA-LGG
TCGA-DU-6403-01Z-00-DX1,TCGA-LGG
TCGA-DU-7011-01A-01-BS1,TCGA-LGG
TCGA-DU-7011-01A-01-TS1,TCGA-LGG
TCGA-DU-7011-01Z-00-DX1,TCGA-LGG
TCGA-HT-7478-01A-01-BS1,TCGA-LGG
TCGA-HT-7478-01A-01-TS1,TCGA-LGG
TCGA-HT-7478-01Z-00-DX1,TCGA-LGG
TCGA-HT-7857-01A-01-BS1,TCGA-LGG
TCGA-HT-7857-01A-01-TS1,TCGA-LGG
TCGA-HT-7857-01Z-00-DX2,TCGA-LGG
TCGA-DU-6399-01A-01-BS1,TCGA-LGG
TCGA-DU-6399-01A-01-TS1,TCGA-LGG
TCGA-DU-6399-01Z-00-DX1,TCGA-LGG
TCGA-TQ-A7RS-01A-01-TSA,TCGA-LGG
TCGA-TQ-A7RS-01Z-00-DX1,TCGA-LGG
TCGA-HT-7471-01A-01-BS1,TCGA-LGG
TCGA-HT-7471-01A-01-TS1,TCGA-LGG
TCGA-VM-A8CH-01A-01-TS1,TCGA-LGG
TCGA-VM-A8CH-01Z-00-DX1,TCGA-LGG
TCGA-VM-A8CH-01Z-00-DX2,TCGA-LGG
TCGA-VM-A8CH-01Z-00-DX3,TCGA-LGG
TCGA-VM-A8CH-01Z-00-DX4,TCGA-LGG
TCGA-VM-A8CH-01Z-00-DX5,TCGA-LGG
TCGA-VM-A8CH-01Z-00-DX6,TCGA-LGG
TCGA-VM-A8CH-01Z-00-DX7,TCGA-LGG
TCGA-S9-A7R4-01A-01-TSA,TCGA-LGG
TCGA-S9-A7R4-01Z-00-DX1,TCGA-LGG
TCGA-VV-A86M-01A-01-TS1,TCGA-LGG
TCGA-VV-A86M-01Z-00-DX1,TCGA-LGG
TCGA-TM-A7CA-01A-02-TS2,TCGA-LGG
TCGA-TM-A7CA-01Z-00-DX1,TCGA-LGG
TCGA-P5-A72U-01A-03-TS3,TCGA-LGG
TCGA-P5-A72U-01Z-00-DX1,TCGA-LGG
TCGA-DU-7008-01A-01-BS1,TCGA-LGG
TCGA-DU-7008-01A-01-TS1,TCGA-LGG
TCGA-DU-7008-01Z-00-DX1,TCGA-LGG
TCGA-HW-8322-01A-01-BS1,TCGA-LGG
TCGA-HW-8322-01A-01-TS1,TCGA-LGG
TCGA-HW-8322-01Z-00-DX1,TCGA-LGG
TCGA-TQ-A7RG-01A-01-TS1,TCGA-LGG
TCGA-TQ-A7RG-01Z-00-DX1,TCGA-LGG
TCGA-HT-7605-01A-01-BS1,TCGA-LGG
TCGA-HT-7605-01A-01-TS1,TCGA-LGG
TCGA-HT-7605-01Z-00-DX1,TCGA-LGG
TCGA-HT-7605-01Z-00-DX2,TCGA-LGG
TCGA-HT-7605-01Z-00-DX3,TCGA-LGG
TCGA-HT-7605-01Z-00-DX4,TCGA-LGG
TCGA-S9-A6U5-01A-01-TSA,TCGA-LGG
TCGA-S9-A6U5-01Z-00-DX1,TCGA-LGG
TCGA-DB-A4X9-01A-01-TSA,TCGA-LGG
TCGA-DB-A4X9-01Z-00-DX1,TCGA-LGG
TCGA-DB-A4X9-01Z-00-DX2,TCGA-LGG
TCGA-QH-A6CS-01A-01-TS1,TCGA-LGG
TCGA-QH-A6CS-01Z-00-DX1,TCGA-LGG
TCGA-HT-7472-01A-01-BS1,TCGA-LGG
TCGA-HT-7472-01A-01-TS1,TCGA-LGG
TCGA-HT-7472-01Z-00-DX2,TCGA-LGG
TCGA-HT-7472-01Z-00-DX3,TCGA-LGG
TCGA-HT-7472-01Z-00-DX4,TCGA-LGG
TCGA-VW-A8FI-01A-01-TS1,TCGA-LGG
TCGA-HT-7482-01A-01-BS1,TCGA-LGG
TCGA-HT-7482-01A-01-TS1,TCGA-LGG
TCGA-HT-7482-01Z-00-DX1,TCGA-LGG
TCGA-HT-7482-01Z-00-DX2,TCGA-LGG
TCGA-HT-7482-01Z-00-DX3,TCGA-LGG
TCGA-HT-7482-01Z-00-DX4,TCGA-LGG
TCGA-HT-7482-01Z-00-DX5,TCGA-LGG
TCGA-HT-7482-01Z-00-DX6,TCGA-LGG
TCGA-HT-7482-01Z-00-DX7,TCGA-LGG
TCGA-HT-7482-01Z-00-DX8,TCGA-LGG
TCGA-HT-7482-01Z-00-DX9,TCGA-LGG
TCGA-E1-5303-01A-01-BS1,TCGA-LGG
TCGA-QH-A65R-01A-02-TS2,TCGA-LGG
TCGA-QH-A65R-01Z-00-DX1,TCGA-LGG
TCGA-VM-A8C9-01A-01-TS1,TCGA-LGG
TCGA-VM-A8C9-01Z-00-DX1,TCGA-LGG
TCGA-VM-A8C9-01Z-00-DX2,TCGA-LGG
TCGA-VM-A8C9-01Z-00-DX3,TCGA-LGG
TCGA-VM-A8C9-01Z-00-DX4,TCGA-LGG
TCGA-VM-A8C9-01Z-00-DX5,TCGA-LGG
TCGA-VM-A8C9-01Z-00-DX6,TCGA-LGG
TCGA-VM-A8C9-01Z-00-DX7,TCGA-LGG
TCGA-VM-A8C9-01Z-00-DX8,TCGA-LGG
TCGA-VM-A8C9-01Z-00-DX9,TCGA-LGG
TCGA-HW-7495-01A-01-BS1,TCGA-LGG
TCGA-HW-7495-01A-01-TS1,TCGA-LGG
TCGA-HW-7495-01Z-00-DX1,TCGA-LGG
TCGA-HW-7486-01A-01-BS1,TCGA-LGG
TCGA-HW-7486-01A-01-TS1,TCGA-LGG
TCGA-HW-7486-01Z-00-DX1,TCGA-LGG
TCGA-P5-A730-01A-01-TSA,TCGA-LGG
TCGA-P5-A730-01Z-00-DX1,TCGA-LGG
TCGA-HT-7695-01A-01-BS1,TCGA-LGG
TCGA-HT-7695-01A-01-TS1,TCGA-LGG
TCGA-HT-7695-01Z-00-DX1,TCGA-LGG
TCGA-HT-7695-01Z-00-DX2,TCGA-LGG
TCGA-HT-7610-01A-01-BS1,TCGA-LGG
TCGA-HT-7610-01Z-00-DX1,TCGA-LGG
TCGA-HT-7610-01Z-00-DX2,TCGA-LGG
TCGA-HT-7610-01Z-00-DX3,TCGA-LGG
TCGA-HT-7476-01A-01-BS1,TCGA-LGG
TCGA-HT-7476-01A-01-TS1,TCGA-LGG
TCGA-HT-7476-01Z-00-DX1,TCGA-LGG
TCGA-HT-7476-01Z-00-DX2,TCGA-LGG
TCGA-HT-7476-01Z-00-DX3,TCGA-LGG
TCGA-DU-8167-01A-01-TS1,TCGA-LGG
TCGA-DU-8167-01Z-00-DX1,TCGA-LGG
TCGA-FG-7638-01B-01-BS1,TCGA-LGG
TCGA-FG-7638-01B-01-TS1,TCGA-LGG
TCGA-FG-7638-01Z-00-DX1,TCGA-LGG
TCGA-P5-A781-01A-01-TSA,TCGA-LGG
TCGA-P5-A781-01Z-00-DX1,TCGA-LGG
TCGA-TM-A84R-01A-02-TSB,TCGA-LGG
TCGA-TM-A84R-01Z-00-DX1,TCGA-LGG
TCGA-HT-7687-01A-01-TS1,TCGA-LGG
TCGA-HT-7687-01Z-00-DX1,TCGA-LGG
TCGA-HT-7687-01Z-00-DX2,TCGA-LGG
TCGA-HT-7687-01Z-00-DX3,TCGA-LGG
TCGA-HT-7687-01Z-00-DX4,TCGA-LGG
TCGA-S9-A7QX-01A-01-TS1,TCGA-LGG
TCGA-S9-A7QX-01Z-00-DX1,TCGA-LGG
TCGA-HT-7607-01A-01-BS1,TCGA-LGG
TCGA-HT-7607-01A-01-TS1,TCGA-LGG
TCGA-HT-7607-01Z-00-DX1,TCGA-LGG
TCGA-HT-7607-01Z-00-DX1,TCGA-LGG
TCGA-HT-7607-01Z-00-DX1,TCGA-LGG
TCGA-HT-7607-01Z-00-DX1,TCGA-LGG
TCGA-HT-7607-01Z-00-DX1,TCGA-LGG
TCGA-HT-7607-01Z-00-DX1,TCGA-LGG
TCGA-HT-7607-01Z-00-DX1,TCGA-LGG
TCGA-HT-7607-01Z-00-DX1,TCGA-LGG
TCGA-HT-7607-01Z-00-DX1,TCGA-LGG
TCGA-HT-7607-01Z-00-DX2,TCGA-LGG
TCGA-HT-7607-01Z-00-DX3,TCGA-LGG
TCGA-HT-7607-01Z-00-DX4,TCGA-LGG
TCGA-HT-7607-01Z-00-DX5,TCGA-LGG
TCGA-HT-7607-01Z-00-DX6,TCGA-LGG
TCGA-HT-7607-01Z-00-DX7,TCGA-LGG
TCGA-HT-7607-01Z-00-DX8,TCGA-LGG
TCGA-HT-7607-01Z-00-DX9,TCGA-LGG
TCGA-FG-5963-01A-01-BS1,TCGA-LGG
TCGA-FG-5963-01A-01-TS1,TCGA-LGG
TCGA-FG-5963-01Z-00-DX1,TCGA-LGG
TCGA-FG-5963-02A-01-TS1,TCGA-LGG
TCGA-DH-5141-01A-01-TS1,TCGA-LGG
TCGA-DH-5141-01Z-00-DX1,TCGA-LGG
TCGA-E1-A7YO-01A-01-TS1,TCGA-LGG
TCGA-E1-A7YO-01Z-00-DX1,TCGA-LGG
TCGA-HT-7855-01A-01-BS1,TCGA-LGG
TCGA-HT-7855-01A-01-TS1,TCGA-LGG
TCGA-HT-7855-01Z-00-DX1,TCGA-LGG
TCGA-FG-A60L-01A-01-TSA,TCGA-LGG
TCGA-FG-A60L-01Z-00-DX1,TCGA-LGG
TCGA-TQ-A7RR-01A-02-TS2,TCGA-LGG
TCGA-TQ-A7RR-01Z-00-DX1,TCGA-LGG
TCGA-HT-7691-01A-01-BS1,TCGA-LGG
TCGA-HT-7691-01A-01-TS1,TCGA-LGG
TCGA-HT-7691-01Z-00-DX1,TCGA-LGG
TCGA-HT-7691-01Z-00-DX2,TCGA-LGG
TCGA-DU-6407-01A-01-TS1,TCGA-LGG
TCGA-DU-6407-01Z-00-DX1,TCGA-LGG
TCGA-DU-6407-02A-01-TS1,TCGA-LGG
TCGA-DU-6407-02B-01-TS1,TCGA-LGG
TCGA-QH-A6CU-01A-01-TS1,TCGA-LGG
TCGA-QH-A6CU-01Z-00-DX1,TCGA-LGG
TCGA-DU-6407-01A-01-TS1,TCGA-LGG
TCGA-DU-6407-01Z-00-DX1,TCGA-LGG
TCGA-DU-6407-02A-01-TS1,TCGA-LGG
TCGA-DU-6407-02B-01-TS1,TCGA-LGG
TCGA-F6-A8O3-01A-01-TSA,TCGA-LGG
TCGA-F6-A8O3-01Z-00-DX1,TCGA-LGG
TCGA-CS-4944-01A-01-BS1,TCGA-LGG
TCGA-CS-4944-01A-01-TS1,TCGA-LGG
TCGA-CS-4944-01Z-00-DX1,TCGA-LGG
TCGA-DB-A64S-01A-01-TSA,TCGA-LGG
TCGA-DB-A64S-01Z-00-DX1,TCGA-LGG
TCGA-DB-A64S-01Z-00-DX2,TCGA-LGG
TCGA-S9-A6TU-01A-01-TSA,TCGA-LGG
TCGA-S9-A6TU-01Z-00-DX1,TCGA-LGG
TCGA-HW-7489-01A-01-BS1,TCGA-LGG
TCGA-HW-7489-01A-01-TS1,TCGA-LGG
TCGA-HW-7489-01Z-00-DX1,TCGA-LGG
TCGA-DU-A7TG-01A-02-TS2,TCGA-LGG
TCGA-DU-A7TG-01Z-00-DX1,TCGA-LGG
TCGA-TQ-A7RV-01A-02-TS2,TCGA-LGG
TCGA-TQ-A7RV-01Z-00-DX1,TCGA-LGG
TCGA-TQ-A7RV-02A-01-TS1,TCGA-LGG
TCGA-TQ-A7RV-02Z-00-DX1,TCGA-LGG
TCGA-E1-A7YW-01A-01-TSA,TCGA-LGG
TCGA-E1-A7YW-01Z-00-DX1,TCGA-LGG
TCGA-RY-A840-01A-01-TS1,TCGA-LGG
TCGA-RY-A840-01Z-00-DX1,TCGA-LGG
TCGA-DB-A75K-01A-01-TSA,TCGA-LGG
TCGA-DB-A75K-01Z-00-DX1,TCGA-LGG
TCGA-DB-A75K-01Z-00-DX2,TCGA-LGG
TCGA-E1-A7YQ-01A-01-TSA,TCGA-LGG
TCGA-S9-A7QW-01A-01-TS1,TCGA-LGG
TCGA-S9-A7QW-01Z-00-DX1,TCGA-LGG
TCGA-TQ-A7RH-01A-01-TS1,TCGA-LGG
TCGA-TQ-A7RH-01Z-00-DX1,TCGA-LGG
TCGA-HT-A61C-01A-01-TS1,TCGA-LGG
TCGA-HT-A61C-01Z-00-DX1,TCGA-LGG
TCGA-FG-A4MU-01B-01-TS1,TCGA-LGG
TCGA-FG-A4MU-01Z-00-DX1,TCGA-LGG
TCGA-FG-A4MU-01Z-00-DX2,TCGA-LGG
TCGA-FG-A4MU-01Z-00-DX3,TCGA-LGG
TCGA-FG-A87Q-01A-01-TSA,TCGA-LGG
TCGA-FG-A87Q-01Z-00-DX1,TCGA-LGG
TCGA-FG-A87Q-01Z-00-DX2,TCGA-LGG
TCGA-FG-A87Q-01Z-00-DX3,TCGA-LGG
TCGA-FG-A87Q-01Z-00-DX4,TCGA-LGG
TCGA-DU-8162-01A-01-BS1,TCGA-LGG
TCGA-DU-8162-01Z-00-DX1,TCGA-LGG
TCGA-HT-7688-01A-01-BS1,TCGA-LGG
TCGA-HT-7688-01A-01-TS1,TCGA-LGG
TCGA-HT-7688-01Z-00-DX1,TCGA-LGG
TCGA-HT-7688-01Z-00-DX2,TCGA-LGG
TCGA-HT-7688-01Z-00-DX3,TCGA-LGG
TCGA-HT-7688-01Z-00-DX4,TCGA-LGG
TCGA-HT-7688-01Z-00-DX5,TCGA-LGG
TCGA-HT-7688-01Z-00-DX6,TCGA-LGG
TCGA-HT-7688-01Z-00-DX7,TCGA-LGG
TCGA-HT-7688-01Z-00-DX8,TCGA-LGG
TCGA-HT-7688-01Z-00-DX9,TCGA-LGG
TCGA-TM-A84C-01A-01-TS1,TCGA-LGG
TCGA-TM-A84C-01Z-00-DX1,TCGA-LGG
TCGA-FG-A87N-01A-01-TS1,TCGA-LGG
TCGA-FG-A87N-01Z-00-DX1,TCGA-LGG
TCGA-E1-5302-01A-01-BS1,TCGA-LGG
TCGA-E1-5302-01A-01-TS1,TCGA-LGG
TCGA-TM-A7C5-01A-01-TS1,TCGA-LGG
TCGA-TM-A7C5-01Z-00-DX1,TCGA-LGG
TCGA-DB-5279-01A-01-BS1,TCGA-LGG
TCGA-DB-5279-01A-01-TS1,TCGA-LGG
TCGA-DB-5279-01Z-00-DX1,TCGA-LGG
TCGA-DB-5279-01Z-00-DX2,TCGA-LGG
TCGA-E1-A7Z4-01A-01-TS1,TCGA-LGG
TCGA-E1-A7Z4-01Z-00-DX1,TCGA-LGG
TCGA-E1-A7Z4-01Z-00-DX2,TCGA-LGG
TCGA-HT-8012-01A-01-BS1,TCGA-LGG
TCGA-HT-8012-01A-01-TS1,TCGA-LGG
TCGA-HT-8012-01Z-00-DX1,TCGA-LGG
TCGA-S9-A7QY-01A-01-TS1,TCGA-LGG
TCGA-S9-A7QY-01Z-00-DX1,TCGA-LGG
TCGA-DH-A7UU-01A-01-TS1,TCGA-LGG
TCGA-DH-A7UU-01Z-00-DX1,TCGA-LGG
TCGA-E1-A7Z2-01A-02-TSB,TCGA-LGG
TCGA-E1-A7Z2-01Z-00-DX1,TCGA-LGG
TCGA-S9-A6WO-01A-02-TS2,TCGA-LGG
TCGA-S9-A6WO-01Z-00-DX1,TCGA-LGG
TCGA-E1-5307-01A-01-BS1,TCGA-LGG
TCGA-E1-5307-01A-01-TS1,TCGA-LGG
TCGA-HT-A618-01A-01-TSA,TCGA-LGG
TCGA-HT-A618-01Z-00-DX1,TCGA-LGG
TCGA-DU-A6S7-01A-02-TS2,TCGA-LGG
TCGA-DU-A6S7-01Z-00-DX1,TCGA-LGG
TCGA-IK-7675-01A-01-BS1,TCGA-LGG
TCGA-IK-7675-01A-01-TS1,TCGA-LGG
TCGA-IK-7675-01Z-00-DX1,TCGA-LGG
TCGA-P5-A736-01A-01-TSA,TCGA-LGG
TCGA-P5-A736-01Z-00-DX1,TCGA-LGG
TCGA-QH-A86X-01A-01-TS1,TCGA-LGG
TCGA-QH-A86X-01Z-00-DX1,TCGA-LGG
TCGA-HT-7616-01A-01-BS1,TCGA-LGG
TCGA-HT-7616-01A-01-TS1,TCGA-LGG
TCGA-HT-7616-01Z-00-DX1,TCGA-LGG
TCGA-HT-7616-01Z-00-DX2,TCGA-LGG
TCGA-CS-6667-01A-01-TS1,TCGA-LGG
TCGA-CS-6667-01Z-00-DX1,TCGA-LGG
TCGA-DH-A7UT-01A-01-TS1,TCGA-LGG
TCGA-DH-A7UT-01Z-00-DX1,TCGA-LGG
TCGA-FG-A6J3-01A-01-TS1,TCGA-LGG
TCGA-FG-A6J3-01Z-00-DX1,TCGA-LGG
TCGA-FG-A6J3-01Z-00-DX2,TCGA-LGG
TCGA-FG-A6J3-01Z-00-DX3,TCGA-LGG
TCGA-FG-A6J3-01Z-00-DX4,TCGA-LGG
TCGA-FG-A6J3-01Z-00-DX5,TCGA-LGG
TCGA-FG-7636-01A-01-BS1,TCGA-LGG
TCGA-FG-7636-01A-01-TS1,TCGA-LGG
TCGA-FG-7636-01Z-00-DX1,TCGA-LGG
TCGA-TM-A84J-01A-01-TS1,TCGA-LGG
TCGA-TM-A84J-01Z-00-DX1,TCGA-LGG
TCGA-TM-A84J-01Z-00-DX2,TCGA-LGG
TCGA-DH-A7UR-01A-01-TS1,TCGA-LGG
TCGA-DH-A7UR-01Z-00-DX1,TCGA-LGG
TCGA-HT-7469-01A-01-BS1,TCGA-LGG
TCGA-HT-7469-01A-01-TS1,TCGA-LGG
TCGA-HT-7469-01Z-00-DX1,TCGA-LGG
TCGA-DU-A6S2-01A-02-TSB,TCGA-LGG
TCGA-DU-A6S2-01Z-00-DX1,TCGA-LGG
TCGA-CS-5396-01A-01-BS1,TCGA-LGG
TCGA-CS-5396-01Z-00-DX1,TCGA-LGG
TCGA-DU-5854-01A-01-BS1,TCGA-LGG
TCGA-DU-5854-01A-01-TS1,TCGA-LGG
TCGA-DU-5854-01Z-00-DX1,TCGA-LGG
TCGA-HW-8319-01A-01-BS1,TCGA-LGG
TCGA-HW-8319-01A-01-TS1,TCGA-LGG
TCGA-HW-8319-01Z-00-DX1,TCGA-LGG
TCGA-DU-6404-01A-01-BS1,TCGA-LGG
TCGA-DU-6404-01A-01-TS1,TCGA-LGG
TCGA-DU-6404-01Z-00-DX1,TCGA-LGG
TCGA-DU-6404-02A-02-TS2,TCGA-LGG
TCGA-DU-6404-02B-01-TS1,TCGA-LGG
TCGA-DU-8161-01A-01-TS1,TCGA-LGG
TCGA-DU-8161-01Z-00-DX1,TCGA-LGG
TCGA-R8-A6YH-01A-02-TS2,TCGA-LGG
TCGA-R8-A6YH-01Z-00-DX1,TCGA-LGG
TCGA-HT-7856-01A-01-BS1,TCGA-LGG
TCGA-HT-7856-01A-01-TS1,TCGA-LGG
TCGA-HT-7856-01Z-00-DX1,TCGA-LGG
TCGA-HT-7856-01Z-00-DX2,TCGA-LGG
TCGA-HT-7856-01Z-00-DX3,TCGA-LGG
TCGA-HT-7856-01Z-00-DX4,TCGA-LGG
TCGA-HT-7856-01Z-00-DX5,TCGA-LGG
TCGA-HT-7856-01Z-00-DX6,TCGA-LGG
TCGA-HT-7856-01Z-00-DX7,TCGA-LGG
TCGA-HT-7856-01Z-00-DX8,TCGA-LGG
TCGA-HT-7856-01Z-00-DX9,TCGA-LGG
TCGA-DU-A76O-01A-01-TS1,TCGA-LGG
TCGA-DU-A76O-01Z-00-DX1,TCGA-LGG
TCGA-WY-A858-01A-01-TS1,TCGA-LGG
TCGA-WY-A858-01Z-00-DX1,TCGA-LGG
TCGA-TQ-A7RO-01A-01-TS1,TCGA-LGG
TCGA-TQ-A7RO-01Z-00-DX1,TCGA-LGG
TCGA-HT-A616-01A-01-TSA,TCGA-LGG
TCGA-HT-A616-01Z-00-DX1,TCGA-LGG
TCGA-FG-A6IZ-01A-01-TS1,TCGA-LGG
TCGA-FG-A6IZ-01Z-00-DX1,TCGA-LGG
TCGA-DB-A64L-01A-01-TSA,TCGA-LGG
TCGA-DB-A64L-01Z-00-DX1,TCGA-LGG
TCGA-FG-A4MW-01A-01-TSA,TCGA-LGG
TCGA-FG-A4MW-01Z-00-DX1,TCGA-LGG
TCGA-FG-A4MW-01Z-00-DX2,TCGA-LGG
TCGA-FG-6688-01A-01-BS1,TCGA-LGG
TCGA-FG-6688-01A-01-TS1,TCGA-LGG
TCGA-FG-6688-01Z-00-DX1,TCGA-LGG
TCGA-HT-7473-01A-01-BS1,TCGA-LGG
TCGA-HT-7473-01Z-00-DX1,TCGA-LGG
TCGA-HT-7473-01Z-00-DX3,TCGA-LGG
TCGA-HT-7473-01Z-00-DX4,TCGA-LGG
TCGA-HT-7473-01Z-00-DX5,TCGA-LGG
TCGA-HT-7473-01Z-00-DX6,TCGA-LGG
TCGA-HT-7473-01Z-00-DX7,TCGA-LGG
TCGA-HT-7473-01Z-00-DX8,TCGA-LGG
TCGA-S9-A6UB-01A-02-TS2,TCGA-LGG
TCGA-S9-A6UB-01Z-00-DX1,TCGA-LGG
TCGA-DH-5143-01A-01-BS1,TCGA-LGG
TCGA-DH-5143-01A-01-TS1,TCGA-LGG
TCGA-DH-5143-01Z-00-DX1,TCGA-LGG
TCGA-DU-5871-01A-01-BS1,TCGA-LGG
TCGA-DU-5871-01A-01-TS1,TCGA-LGG
TCGA-DU-5871-01Z-00-DX1,TCGA-LGG
TCGA-DU-A7TD-01A-01-TS1,TCGA-LGG
TCGA-DU-A7TD-01Z-00-DX1,TCGA-LGG
TCGA-HT-7690-01A-01-BS1,TCGA-LGG
TCGA-HT-7690-01A-01-TS1,TCGA-LGG
TCGA-HT-7690-01Z-00-DX1,TCGA-LGG
TCGA-HT-7690-01Z-00-DX2,TCGA-LGG
TCGA-HT-7690-01Z-00-DX3,TCGA-LGG
TCGA-HT-7690-01Z-00-DX4,TCGA-LGG
TCGA-HT-A5R9-01A-01-TS1,TCGA-LGG
TCGA-HT-A5R9-01Z-00-DX1,TCGA-LGG
TCGA-HT-A615-01A-01-TS1,TCGA-LGG
TCGA-HT-A615-01Z-00-DX1,TCGA-LGG
TCGA-DU-6397-01A-01-BS1,TCGA-LGG
TCGA-DU-6397-01A-01-TS1,TCGA-LGG
TCGA-DU-6397-01Z-00-DX1,TCGA-LGG
TCGA-DU-6397-02A-01-TS1,TCGA-LGG
TCGA-S9-A6UA-01A-01-TS1,TCGA-LGG
TCGA-S9-A6UA-01Z-00-DX1,TCGA-LGG
TCGA-HT-7877-01A-01-BS1,TCGA-LGG
TCGA-HT-7877-01A-01-TS1,TCGA-LGG
TCGA-HT-7877-01Z-00-DX1,TCGA-LGG
TCGA-HT-7877-01Z-00-DX2,TCGA-LGG
TCGA-HT-7877-01Z-00-DX3,TCGA-LGG
TCGA-HT-7877-01Z-00-DX4,TCGA-LGG
TCGA-HT-7877-01Z-00-DX5,TCGA-LGG
TCGA-HT-7877-01Z-00-DX6,TCGA-LGG
TCGA-TQ-A7RF-01A-01-TS1,TCGA-LGG
TCGA-TQ-A7RF-01Z-00-DX1,TCGA-LGG
TCGA-DU-A7TA-01A-01-TS1,TCGA-LGG
TCGA-DU-A7TA-01Z-00-DX1,TCGA-LGG
TCGA-DU-5870-01A-01-BS1,TCGA-LGG
TCGA-DU-5870-01A-01-TS1,TCGA-LGG
TCGA-DU-5870-01Z-00-DX1,TCGA-LGG
TCGA-DU-5870-02A-01-TS1,TCGA-LGG
TCGA-DU-5870-01A-01-BS1,TCGA-LGG
TCGA-DU-5870-01A-01-TS1,TCGA-LGG
TCGA-DU-5870-01Z-00-DX1,TCGA-LGG
TCGA-DU-5870-02A-01-TS1,TCGA-LGG
TCGA-DH-A66D-01A-01-TS1,TCGA-LGG
TCGA-DH-A66D-01Z-00-DX1,TCGA-LGG
TCGA-HT-7470-01A-01-TS1,TCGA-LGG
TCGA-HT-7470-01Z-00-DX2,TCGA-LGG
TCGA-HT-7470-01Z-00-DX3,TCGA-LGG
TCGA-HT-7470-01Z-00-DX4,TCGA-LGG
TCGA-HT-7470-01Z-00-DX5,TCGA-LGG
TCGA-HT-7470-01Z-00-DX6,TCGA-LGG
TCGA-HT-7470-01Z-00-DX7,TCGA-LGG
TCGA-HT-7470-01Z-00-DX8,TCGA-LGG
TCGA-HT-7470-01Z-00-DX9,TCGA-LGG
TCGA-E1-A7YE-01A-01-TS1,TCGA-LGG
TCGA-E1-A7YE-01Z-00-DX1,TCGA-LGG
TCGA-TQ-A7RW-01A-01-TS1,TCGA-LGG
TCGA-TQ-A7RW-01Z-00-DX1,TCGA-LGG
TCGA-DU-A7TC-01A-02-TS2,TCGA-LGG
TCGA-DU-A7TC-01Z-00-DX1,TCGA-LGG
TCGA-RY-A83X-01A-01-TS1,TCGA-LGG
TCGA-RY-A83X-01Z-00-DX1,TCGA-LGG
TCGA-FG-5964-01A-01-BS1,TCGA-LGG
TCGA-FG-5964-01A-01-TS1,TCGA-LGG
TCGA-FG-5964-01Z-00-DX1,TCGA-LGG
TCGA-HT-7874-01A-01-BS1,TCGA-LGG
TCGA-HT-7874-01A-01-TS1,TCGA-LGG
TCGA-HT-7874-01Z-00-DX1,TCGA-LGG
TCGA-HT-7874-01Z-00-DX2,TCGA-LGG
TCGA-HT-7874-01Z-00-DX3,TCGA-LGG
TCGA-HT-7874-01Z-00-DX4,TCGA-LGG
TCGA-HT-7874-01Z-00-DX5,TCGA-LGG
TCGA-DU-6407-01A-01-TS1,TCGA-LGG
TCGA-DU-6407-01Z-00-DX1,TCGA-LGG
TCGA-DU-6407-02A-01-TS1,TCGA-LGG
TCGA-DU-6407-02B-01-TS1,TCGA-LGG
TCGA-DH-A669-01A-01-TS1,TCGA-LGG
TCGA-DH-A669-01Z-00-DX1,TCGA-LGG
TCGA-DH-A669-01Z-00-DX2,TCGA-LGG
TCGA-DH-A669-02A-01-TS1,TCGA-LGG
TCGA-DH-A669-01A-01-TS1,TCGA-LGG
TCGA-DH-A669-01Z-00-DX1,TCGA-LGG
TCGA-DH-A669-01Z-00-DX2,TCGA-LGG
TCGA-DH-A669-02A-01-TS1,TCGA-LGG
TCGA-S9-A6U6-01A-01-TS1,TCGA-LGG
TCGA-S9-A6U6-01Z-00-DX1,TCGA-LGG
TCGA-E1-A7Z6-01A-01-TSA,TCGA-LGG
TCGA-E1-A7Z6-01Z-00-DX1,TCGA-LGG
TCGA-DB-A75P-01A-01-TSA,TCGA-LGG
TCGA-DB-A75P-01Z-00-DX1,TCGA-LGG
TCGA-DB-A75P-01Z-00-DX2,TCGA-LGG
TCGA-DU-6405-01A-01-BS1,TCGA-LGG
TCGA-DU-6405-01A-01-TS1,TCGA-LGG
TCGA-DU-6405-01Z-00-DX1,TCGA-LGG
TCGA-DU-5847-01A-01-BS1,TCGA-LGG
TCGA-DU-5847-01A-01-TS1,TCGA-LGG
TCGA-DU-5847-01Z-00-DX1,TCGA-LGG
TCGA-CS-4943-01Z-00-DX1,TCGA-LGG
TCGA-CS-5394-01Z-00-DX1,TCGA-LGG
TCGA-S9-A6U0-01A-01-TS1,TCGA-LGG
TCGA-S9-A6U0-01Z-00-DX1,TCGA-LGG
TCGA-HT-8113-01A-01-BS1,TCGA-LGG
TCGA-HT-8113-01A-01-TS1,TCGA-LGG
TCGA-HT-8113-01Z-00-DX1,TCGA-LGG
TCGA-DU-5852-01A-01-BS1,TCGA-LGG
TCGA-DU-5852-01A-01-TS1,TCGA-LGG
TCGA-DU-5852-01Z-00-DX1,TCGA-LGG
TCGA-HT-7676-01A-01-BS1,TCGA-LGG
TCGA-HT-7676-01A-01-TS1,TCGA-LGG
TCGA-HT-7676-01Z-00-DX1,TCGA-LGG
TCGA-S9-A7R7-01A-01-TS1,TCGA-LGG
TCGA-S9-A7R7-01Z-00-DX1,TCGA-LGG
TCGA-HT-A74K-01A-01-TS1,TCGA-LGG
TCGA-HT-A74K-01Z-00-DX1,TCGA-LGG
TCGA-S9-A6WN-01A-01-TS1,TCGA-LGG
TCGA-S9-A6WN-01Z-00-DX1,TCGA-LGG
TCGA-DU-A7T6-01A-01-TS1,TCGA-LGG
TCGA-DU-A7T6-01Z-00-DX1,TCGA-LGG
TCGA-S9-A6WG-01Z-00-DX1,TCGA-LGG
TCGA-FG-A60K-01A-01-TS1,TCGA-LGG
TCGA-FG-A60K-01Z-00-DX1,TCGA-LGG
TCGA-FG-A60K-01Z-00-DX2,TCGA-LGG
TCGA-VM-A8C8-01A-01-TS1,TCGA-LGG
TCGA-VM-A8C8-01Z-00-DX1,TCGA-LGG
TCGA-VM-A8C8-01Z-00-DX2,TCGA-LGG
TCGA-VM-A8C8-01Z-00-DX3,TCGA-LGG
TCGA-VM-A8C8-01Z-00-DX4,TCGA-LGG
TCGA-VM-A8C8-01Z-00-DX5,TCGA-LGG
TCGA-VM-A8C8-01Z-00-DX6,TCGA-LGG
TCGA-VM-A8C8-01Z-00-DX7,TCGA-LGG
TCGA-VM-A8C8-01Z-00-DX8,TCGA-LGG
TCGA-VM-A8C8-01Z-00-DX9,TCGA-LGG
TCGA-HW-7491-01A-01-BS1,TCGA-LGG
TCGA-HW-7491-01A-01-TS1,TCGA-LGG
TCGA-HW-7491-01Z-00-DX1,TCGA-LGG
TCGA-HT-8110-01A-01-BS1,TCGA-LGG
TCGA-HT-8110-01A-01-TS1,TCGA-LGG
TCGA-HT-8110-01Z-00-DX1,TCGA-LGG
TCGA-QH-A65V-01A-01-TS1,TCGA-LGG
TCGA-QH-A65V-01Z-00-DX1,TCGA-LGG
TCGA-HT-7479-01A-01-BS1,TCGA-LGG
TCGA-HT-7479-01A-01-TS1,TCGA-LGG
TCGA-HT-7479-01Z-00-DX1,TCGA-LGG
TCGA-HT-7479-01Z-00-DX2,TCGA-LGG
TCGA-HT-7479-01Z-00-DX3,TCGA-LGG
TCGA-FG-A4MX-01A-01-TS1,TCGA-LGG
TCGA-FG-A4MX-01Z-00-DX1,TCGA-LGG
TCGA-HT-7684-01A-01-BS1,TCGA-LGG
TCGA-HT-7684-01A-01-TS1,TCGA-LGG
TCGA-HT-7684-01Z-00-DX1,TCGA-LGG
TCGA-HT-7684-01Z-00-DX2,TCGA-LGG
TCGA-HT-7684-01Z-00-DX3,TCGA-LGG
TCGA-HT-7684-01Z-00-DX4,TCGA-LGG
TCGA-HT-7684-01Z-00-DX5,TCGA-LGG
TCGA-HT-7684-01Z-00-DX6,TCGA-LGG
TCGA-HT-7684-01Z-00-DX7,TCGA-LGG
TCGA-HT-7858-01A-01-BS1,TCGA-LGG
TCGA-HT-7858-01A-01-TS1,TCGA-LGG
TCGA-HT-7858-01Z-00-DX1,TCGA-LGG
TCGA-HT-7858-01Z-00-DX2,TCGA-LGG
TCGA-HT-7858-01Z-00-DX3,TCGA-LGG
TCGA-HT-7858-01Z-00-DX4,TCGA-LGG
TCGA-S9-A6U8-01A-02-TS2,TCGA-LGG
TCGA-S9-A6U8-01Z-00-DX1,TCGA-LGG
TCGA-CS-5397-01Z-00-DX1,TCGA-LGG
TCGA-TQ-A7RN-01A-01-TS1,TCGA-LGG
TCGA-TQ-A7RN-01Z-00-DX1,TCGA-LGG
TCGA-TQ-A7RN-01Z-00-DX2,TCGA-LGG
TCGA-FG-A70Y-01A-01-TS1,TCGA-LGG
TCGA-FG-A70Y-01Z-00-DX1,TCGA-LGG
TCGA-DU-7306-01A-01-BS1,TCGA-LGG
TCGA-DU-7306-01A-01-TS1,TCGA-LGG
TCGA-DU-7306-01Z-00-DX1,TCGA-LGG
TCGA-FG-7637-01A-01-BS1,TCGA-LGG
TCGA-FG-7637-01A-01-TS1,TCGA-LGG
TCGA-FG-7637-01Z-00-DX1,TCGA-LGG
TCGA-CS-5390-01Z-00-DX1,TCGA-LGG
TCGA-S9-A6TW-01A-01-TS1,TCGA-LGG
TCGA-S9-A6TW-01Z-00-DX1,TCGA-LGG
TCGA-QH-A6CX-01A-01-TS1,TCGA-LGG
TCGA-QH-A6CX-01Z-00-DX1,TCGA-LGG
TCGA-DU-8163-01A-01-TS1,TCGA-LGG
TCGA-DU-8163-01Z-00-DX1,TCGA-LGG
TCGA-P5-A5F2-01A-01-TSA,TCGA-LGG
TCGA-HT-A61B-01A-01-TSA,TCGA-LGG
TCGA-HT-A61B-01Z-00-DX1,TCGA-LGG
TCGA-HT-7879-01A-01-BS1,TCGA-LGG
TCGA-HT-7879-01A-01-TS1,TCGA-LGG
TCGA-HT-7879-01Z-00-DX1,TCGA-LGG
TCGA-HT-7879-01Z-00-DX2,TCGA-LGG
TCGA-HT-7879-01Z-00-DX3,TCGA-LGG
TCGA-DH-A66F-01A-01-TS1,TCGA-LGG
TCGA-DH-A66F-01Z-00-DX1,TCGA-LGG
TCGA-DU-7309-01A-01-BS1,TCGA-LGG
TCGA-DU-7309-01A-01-TS1,TCGA-LGG
TCGA-DU-7309-01Z-00-DX1,TCGA-LGG
TCGA-P5-A733-01A-01-TSA,TCGA-LGG
TCGA-P5-A733-01Z-00-DX1,TCGA-LGG
TCGA-VM-A8CA-01Z-00-DX1,TCGA-LGG
TCGA-VM-A8CA-01Z-00-DX2,TCGA-LGG
TCGA-VM-A8CA-01Z-00-DX3,TCGA-LGG
TCGA-VM-A8CA-01Z-00-DX4,TCGA-LGG
TCGA-VM-A8CA-01Z-00-DX5,TCGA-LGG
TCGA-VM-A8CA-01Z-00-DX6,TCGA-LGG
TCGA-VM-A8CA-01Z-00-DX7,TCGA-LGG
TCGA-VM-A8CA-01Z-00-DX8,TCGA-LGG
TCGA-VM-A8CA-01Z-00-DX9,TCGA-LGG
TCGA-S9-A6TY-01A-01-TSA,TCGA-LGG
TCGA-S9-A6TY-01Z-00-DX1,TCGA-LGG
TCGA-QH-A6CY-01A-01-TS1,TCGA-LGG
TCGA-QH-A6CY-01Z-00-DX1,TCGA-LGG
TCGA-TQ-A7RQ-01A-01-TSA,TCGA-LGG
TCGA-TQ-A7RQ-01Z-00-DX1,TCGA-LGG
TCGA-DB-A64W-01A-01-TSA,TCGA-LGG
TCGA-DB-A64W-01Z-00-DX1,TCGA-LGG
TCGA-FG-A4MT-01A-01-TS1,TCGA-LGG
TCGA-FG-A4MT-02A-01-TS1,TCGA-LGG
TCGA-FG-A4MT-02Z-00-DX1,TCGA-LGG
TCGA-FG-A4MT-02Z-00-DX2,TCGA-LGG
TCGA-FG-A4MT-02Z-00-DX3,TCGA-LGG
TCGA-FG-A4MT-02Z-00-DX4,TCGA-LGG
TCGA-FG-A4MT-02Z-00-DX5,TCGA-LGG
TCGA-FG-A4MT-02Z-00-DX6,TCGA-LGG
TCGA-TQ-A7RJ-01A-01-TS1,TCGA-LGG
TCGA-TQ-A7RJ-01Z-00-DX1,TCGA-LGG
TCGA-DU-6397-01A-01-BS1,TCGA-LGG
TCGA-DU-6397-01A-01-TS1,TCGA-LGG
TCGA-DU-6397-01Z-00-DX1,TCGA-LGG
TCGA-DU-6397-02A-01-TS1,TCGA-LGG
TCGA-CS-5393-01Z-00-DX1,TCGA-LGG
TCGA-TM-A84H-01A-01-TS1,TCGA-LGG
TCGA-TM-A84H-01Z-00-DX1,TCGA-LGG
TCGA-TM-A84H-01Z-00-DX2,TCGA-LGG
TCGA-TM-A84B-01A-01-TS1,TCGA-LGG
TCGA-TM-A84B-01Z-00-DX1,TCGA-LGG
TCGA-P5-A77W-01A-01-TSA,TCGA-LGG
TCGA-P5-A77W-01Z-00-DX1,TCGA-LGG
TCGA-HT-A61A-01A-01-TSA,TCGA-LGG
TCGA-HT-A61A-01Z-00-DX1,TCGA-LGG
TCGA-WY-A85C-01A-01-TS1,TCGA-LGG
TCGA-WY-A85C-01Z-00-DX1,TCGA-LGG
TCGA-S9-A7IS-01A-01-TS1,TCGA-LGG
TCGA-S9-A7IS-01Z-00-DX1,TCGA-LGG
TCGA-DU-7018-01A-01-BS1,TCGA-LGG
TCGA-DU-7018-01A-01-TS1,TCGA-LGG
TCGA-DU-7018-01Z-00-DX1,TCGA-LGG
TCGA-HT-8107-01A-01-BS1,TCGA-LGG
TCGA-HT-8107-01A-01-TS1,TCGA-LGG
TCGA-HT-8107-01Z-00-DX1,TCGA-LGG
TCGA-HT-7467-01A-01-BS1,TCGA-LGG
TCGA-HT-7467-01A-01-TS1,TCGA-LGG
TCGA-HT-7467-01Z-00-DX1,TCGA-LGG
TCGA-HT-7467-01Z-00-DX2,TCGA-LGG
TCGA-HT-7467-01Z-00-DX3,TCGA-LGG
TCGA-HT-7467-01Z-00-DX4,TCGA-LGG
TCGA-DU-8164-01A-01-TS1,TCGA-LGG
TCGA-DU-8164-01Z-00-DX1,TCGA-LGG
TCGA-DU-6392-01A-01-BS1,TCGA-LGG
TCGA-DU-6392-01A-01-TS1,TCGA-LGG
TCGA-DU-6392-01Z-00-DX1,TCGA-LGG
TCGA-FG-8185-01A-01-BS1,TCGA-LGG
TCGA-FG-8185-01A-01-TS1,TCGA-LGG
TCGA-FG-8185-01Z-00-DX1,TCGA-LGG
TCGA-HT-A74H-01A-01-TS1,TCGA-LGG
TCGA-HT-A74H-01Z-00-DX1,TCGA-LGG
TCGA-QH-A6CW-01A-01-TS1,TCGA-LGG
TCGA-QH-A6CW-01Z-00-DX1,TCGA-LGG
TCGA-HT-7860-01A-01-BS1,TCGA-LGG
TCGA-HT-7860-01A-01-TS1,TCGA-LGG
TCGA-HT-7860-01Z-00-DX1,TCGA-LGG
TCGA-HT-7860-01Z-00-DX2,TCGA-LGG
TCGA-HT-7860-01Z-00-DX3,TCGA-LGG
TCGA-FG-A4MY-01A-01-TS1,TCGA-LGG
TCGA-FG-A4MY-01Z-00-DX1,TCGA-LGG
TCGA-P5-A5F0-01A-01-TS1,TCGA-LGG
TCGA-S9-A7J0-01A-01-TSA,TCGA-LGG
TCGA-S9-A7J0-01Z-00-DX1,TCGA-LGG
TCGA-HT-8108-01A-01-TS1,TCGA-LGG
TCGA-HT-8108-01Z-00-DX1,TCGA-LGG
TCGA-S9-A7R8-01A-01-TS1,TCGA-LGG
TCGA-S9-A7R8-01Z-00-DX1,TCGA-LGG
TCGA-P5-A5EZ-01A-01-TSA,TCGA-LGG
TCGA-S9-A7QZ-01A-01-TSA,TCGA-LGG
TCGA-S9-A7QZ-01Z-00-DX1,TCGA-LGG
TCGA-DU-7301-01A-01-BS1,TCGA-LGG
TCGA-DU-7301-01A-01-TS1,TCGA-LGG
TCGA-DU-7301-01Z-00-DX1,TCGA-LGG
TCGA-DB-A64Q-01A-01-TSA,TCGA-LGG
TCGA-DB-A64Q-01Z-00-DX1,TCGA-LGG
TCGA-TQ-A7RI-01A-01-TS1,TCGA-LGG
TCGA-TQ-A7RI-01Z-00-DX1,TCGA-LGG
TCGA-S9-A7R2-01A-02-TS2,TCGA-LGG
TCGA-S9-A7R2-01Z-00-DX1,TCGA-LGG
TCGA-E1-A7YL-01A-01-TSA,TCGA-LGG
TCGA-E1-A7YL-01Z-00-DX1,TCGA-LGG
TCGA-CS-6666-01A-01-BS1,TCGA-LGG
TCGA-CS-6666-01Z-00-DX1,TCGA-LGG
TCGA-HT-8111-01A-01-BS1,TCGA-LGG
TCGA-HT-8111-01A-01-TS1,TCGA-LGG
TCGA-HT-8111-01Z-00-DX1,TCGA-LGG
TCGA-HT-7485-01A-01-BS1,TCGA-LGG
TCGA-HT-7485-01A-01-TS1,TCGA-LGG
TCGA-HT-7485-01Z-00-DX1,TCGA-LGG
TCGA-QH-A6X4-01A-05-TS5,TCGA-LGG
TCGA-QH-A6X4-01Z-00-DX1,TCGA-LGG
TCGA-S9-A7IY-01A-01-TS1,TCGA-LGG
TCGA-S9-A7IY-01Z-00-DX1,TCGA-LGG
TCGA-DU-A6S8-01A-01-TS1,TCGA-LGG
TCGA-DU-A6S8-01Z-00-DX1,TCGA-LGG
TCGA-DB-A64U-01A-01-TSA,TCGA-LGG
TCGA-DB-A64U-01Z-00-DX1,TCGA-LGG
TCGA-DB-5276-01A-01-BS1,TCGA-LGG
TCGA-DB-5276-01A-01-TS1,TCGA-LGG
TCGA-DB-5276-01Z-00-DX1,TCGA-LGG
TCGA-DB-5276-01Z-00-DX2,TCGA-LGG
TCGA-TM-A84L-01A-01-TS1,TCGA-LGG
TCGA-TM-A84L-01Z-00-DX1,TCGA-LGG
TCGA-TM-A84L-01Z-00-DX2,TCGA-LGG
TCGA-P5-A735-01A-01-TS1,TCGA-LGG
TCGA-P5-A735-01Z-00-DX1,TCGA-LGG
TCGA-E1-5305-01A-01-BS1,TCGA-LGG
TCGA-E1-5305-01A-01-TS1,TCGA-LGG
TCGA-S9-A7IX-01A-01-TS1,TCGA-LGG
TCGA-S9-A7IX-01Z-00-DX1,TCGA-LGG
TCGA-S9-A6TZ-01A-02-TS2,TCGA-LGG
TCGA-S9-A6TZ-01Z-00-DX1,TCGA-LGG
TCGA-DB-A75L-01A-01-TS1,TCGA-LGG
TCGA-DB-A75L-01Z-00-DX1,TCGA-LGG
TCGA-DB-A75L-01Z-00-DX2,TCGA-LGG
TCGA-FG-7643-01A-01-BS1,TCGA-LGG
TCGA-FG-7643-01A-01-TS1,TCGA-LGG
TCGA-FG-7643-01Z-00-DX1,TCGA-LGG
TCGA-E1-A7YK-01A-01-TS1,TCGA-LGG
TCGA-E1-A7YK-01Z-00-DX1,TCGA-LGG
TCGA-DU-8158-01A-01-TS1,TCGA-LGG
TCGA-DU-8158-01Z-00-DX1,TCGA-LGG
TCGA-DB-5275-01A-01-BS1,TCGA-LGG
TCGA-DB-5275-01A-01-TS1,TCGA-LGG
TCGA-DB-5275-01Z-00-DX1,TCGA-LGG
TCGA-DB-5275-01Z-00-DX2,TCGA-LGG
TCGA-QH-A65Z-01A-01-TS1,TCGA-LGG
TCGA-QH-A65Z-01Z-00-DX1,TCGA-LGG
TCGA-DU-6404-01A-01-BS1,TCGA-LGG
TCGA-DU-6404-01A-01-TS1,TCGA-LGG
TCGA-DU-6404-01Z-00-DX1,TCGA-LGG
TCGA-DU-6404-02A-02-TS2,TCGA-LGG
TCGA-DU-6404-02B-01-TS1,TCGA-LGG
TCGA-DU-6404-01A-01-BS1,TCGA-LGG
TCGA-DU-6404-01A-01-TS1,TCGA-LGG
TCGA-DU-6404-01Z-00-DX1,TCGA-LGG
TCGA-DU-6404-02A-02-TS2,TCGA-LGG
TCGA-DU-6404-02B-01-TS1,TCGA-LGG
TCGA-S9-A89V-01A-01-TS1,TCGA-LGG
TCGA-S9-A89V-01Z-00-DX1,TCGA-LGG
TCGA-DU-7012-01A-01-BS1,TCGA-LGG
TCGA-DU-7012-01A-01-TS1,TCGA-LGG
TCGA-DU-7012-01Z-00-DX1,TCGA-LGG
TCGA-DB-5277-01A-01-BS1,TCGA-LGG
TCGA-DB-5277-01A-01-TS1,TCGA-LGG
TCGA-DB-5277-01Z-00-DX1,TCGA-LGG
TCGA-DB-5277-01Z-00-DX2,TCGA-LGG
TCGA-S9-A7IQ-01A-02-TSB,TCGA-LGG
TCGA-S9-A7IQ-01Z-00-DX1,TCGA-LGG
TCGA-QH-A6X8-01A-01-TS1,TCGA-LGG
TCGA-QH-A6X8-01Z-00-DX1,TCGA-LGG
TCGA-DU-A7TB-01A-01-TSA,TCGA-LGG
TCGA-DU-A7TB-01Z-00-DX1,TCGA-LGG
TCGA-P5-A5ET-01A-01-TSA,TCGA-LGG
TCGA-P5-A5EV-01A-01-TSA,TCGA-LGG
TCGA-S9-A6WL-01A-02-TS2,TCGA-LGG
TCGA-S9-A6WL-01Z-00-DX1,TCGA-LGG
TCGA-DU-A5TS-01A-01-TSA,TCGA-LGG
TCGA-DU-A5TS-01Z-00-DX1,TCGA-LGG
TCGA-FG-8186-01A-01-BS1,TCGA-LGG
TCGA-FG-8186-01A-01-TS1,TCGA-LGG
TCGA-FG-8186-01Z-00-DX1,TCGA-LGG
TCGA-DU-7290-01A-01-BS1,TCGA-LGG
TCGA-DU-7290-01A-01-TS1,TCGA-LGG
TCGA-DU-7290-01Z-00-DX1,TCGA-LGG
TCGA-FG-A4MT-01A-01-TS1,TCGA-LGG
TCGA-FG-A4MT-02A-01-TS1,TCGA-LGG
TCGA-FG-A4MT-02Z-00-DX1,TCGA-LGG
TCGA-FG-A4MT-02Z-00-DX2,TCGA-LGG
TCGA-FG-A4MT-02Z-00-DX3,TCGA-LGG
TCGA-FG-A4MT-02Z-00-DX4,TCGA-LGG
TCGA-FG-A4MT-02Z-00-DX5,TCGA-LGG
TCGA-FG-A4MT-02Z-00-DX6,TCGA-LGG
TCGA-HT-A617-01A-01-TSA,TCGA-LGG
TCGA-HT-A617-01Z-00-DX1,TCGA-LGG
TCGA-HT-7468-01A-01-BS1,TCGA-LGG
TCGA-HT-7468-01A-01-TS1,TCGA-LGG
TCGA-HT-7468-01Z-00-DX1,TCGA-LGG
TCGA-HT-7468-01Z-00-DX2,TCGA-LGG
TCGA-HT-7468-01Z-00-DX3,TCGA-LGG
TCGA-HT-7468-01Z-00-DX4,TCGA-LGG
TCGA-HT-7468-01Z-00-DX5,TCGA-LGG
TCGA-HT-7468-01Z-00-DX6,TCGA-LGG
TCGA-HT-7468-01Z-00-DX7,TCGA-LGG
TCGA-HT-7468-01Z-00-DX8,TCGA-LGG
TCGA-HT-7468-01Z-00-DX9,TCGA-LGG
TCGA-FG-6691-01A-01-BS1,TCGA-LGG
TCGA-FG-6691-01Z-00-DX1,TCGA-LGG
TCGA-HT-8013-01A-01-BS1,TCGA-LGG
TCGA-HT-8013-01A-01-TS1,TCGA-LGG
TCGA-HT-8013-01Z-00-DX1,TCGA-LGG
TCGA-HT-7601-01A-01-BS1,TCGA-LGG
TCGA-HT-7601-01A-01-TS1,TCGA-LGG
TCGA-HT-7601-01Z-00-DX1,TCGA-LGG
TCGA-HT-7601-01Z-00-DX2,TCGA-LGG
TCGA-HT-7601-01Z-00-DX3,TCGA-LGG
TCGA-HT-7601-01Z-00-DX4,TCGA-LGG
TCGA-HT-7601-01Z-00-DX5,TCGA-LGG
TCGA-DU-7015-01A-01-BS1,TCGA-LGG
TCGA-DU-7015-01A-01-TS1,TCGA-LGG
TCGA-DU-7015-01Z-00-DX1,TCGA-LGG
TCGA-HT-8564-01A-01-TS1,TCGA-LGG
TCGA-HT-8564-01Z-00-DX1,TCGA-LGG
TCGA-S9-A6WM-01A-01-TS1,TCGA-LGG
TCGA-S9-A6WM-01Z-00-DX1,TCGA-LGG
TCGA-RY-A847-01A-01-TS1,TCGA-LGG
TCGA-RY-A847-01Z-00-DX1,TCGA-LGG
TCGA-DB-A4XB-01A-01-TS1,TCGA-LGG
TCGA-DB-A4XB-01Z-00-DX1,TCGA-LGG
TCGA-DB-A4XB-01Z-00-DX2,TCGA-LGG
TCGA-HT-7681-01A-01-BS1,TCGA-LGG
TCGA-HT-7681-01A-01-TS1,TCGA-LGG
TCGA-HT-7681-01Z-00-DX1,TCGA-LGG
TCGA-HT-7681-01Z-00-DX2,TCGA-LGG
TCGA-HT-7681-01Z-00-DX3,TCGA-LGG
TCGA-HT-7681-01Z-00-DX4,TCGA-LGG
TCGA-CS-4941-01A-01-BS1,TCGA-LGG
TCGA-CS-4941-01A-01-TS1,TCGA-LGG
TCGA-CS-4941-01Z-00-DX1,TCGA-LGG
TCGA-E1-A7YU-01A-01-TS1,TCGA-LGG
TCGA-E1-A7YU-01Z-00-DX1,TCGA-LGG
TCGA-FG-8187-01A-01-BS1,TCGA-LGG
TCGA-FG-8187-01A-01-TS1,TCGA-LGG
TCGA-FG-8187-01Z-00-DX1,TCGA-LGG
TCGA-FG-8187-01Z-00-DX2,TCGA-LGG
TCGA-HT-A619-01A-01-TSA,TCGA-LGG
TCGA-HT-A619-01Z-00-DX1,TCGA-LGG
TCGA-DB-A64O-01A-01-TSA,TCGA-LGG
TCGA-DB-A64O-01Z-00-DX1,TCGA-LGG
TCGA-DH-A7UV-01A-01-TS1,TCGA-LGG
TCGA-DH-A7UV-01Z-00-DX1,TCGA-LGG
TCGA-E1-5318-01A-01-BS1,TCGA-LGG
TCGA-E1-5318-01A-01-TS1,TCGA-LGG
TCGA-TQ-A7RM-01A-01-TS1,TCGA-LGG
TCGA-TQ-A7RM-01Z-00-DX1,TCGA-LGG
TCGA-DB-A4XD-01A-01-TSA,TCGA-LGG
TCGA-DB-A4XD-01Z-00-DX1,TCGA-LGG
TCGA-DB-A4XD-01Z-00-DX2,TCGA-LGG
TCGA-DB-A4XF-01A-01-TSA,TCGA-LGG
TCGA-DB-A4XF-01Z-00-DX1,TCGA-LGG
TCGA-DB-A4XF-01Z-00-DX2,TCGA-LGG
TCGA-HT-7875-01A-01-BS1,TCGA-LGG
TCGA-HT-7875-01A-01-TS1,TCGA-LGG
TCGA-HT-7875-01Z-00-DX1,TCGA-LGG
TCGA-HT-7875-01Z-00-DX2,TCGA-LGG
TCGA-RY-A845-01A-01-TS1,TCGA-LGG
TCGA-RY-A845-01Z-00-DX1,TCGA-LGG
TCGA-HT-7475-01A-01-BS1,TCGA-LGG
TCGA-HT-7475-01A-01-TS1,TCGA-LGG
TCGA-HT-7475-01Z-00-DX1,TCGA-LGG
TCGA-HT-7475-01Z-00-DX2,TCGA-LGG
TCGA-HT-7475-01Z-00-DX3,TCGA-LGG
TCGA-HT-7475-01Z-00-DX4,TCGA-LGG
TCGA-HT-7475-01Z-00-DX5,TCGA-LGG
TCGA-DU-5874-01A-01-BS1,TCGA-LGG
TCGA-DU-5874-01A-01-TS1,TCGA-LGG
TCGA-DU-5874-01Z-00-DX1,TCGA-LGG
TCGA-DU-7006-01A-01-BS1,TCGA-LGG
TCGA-DU-7006-01A-01-TS1,TCGA-LGG
TCGA-DU-7006-01Z-00-DX1,TCGA-LGG
TCGA-S9-A6TS-01A-01-TS1,TCGA-LGG
TCGA-S9-A6TS-01Z-00-DX1,TCGA-LGG
TCGA-DU-7294-01A-01-BS1,TCGA-LGG
TCGA-DU-7294-01A-01-TS1,TCGA-LGG
TCGA-DU-7294-01Z-00-DX1,TCGA-LGG
TCGA-QH-A6XA-01A-01-TS1,TCGA-LGG
TCGA-QH-A6XA-01Z-00-DX1,TCGA-LGG
TCGA-DU-6394-01A-01-BS1,TCGA-LGG
TCGA-DU-6394-01A-01-TS1,TCGA-LGG
TCGA-DU-6394-01Z-00-DX1,TCGA-LGG
TCGA-R8-A6MO-01A-01-TSA,TCGA-LGG
TCGA-R8-A6MO-01Z-00-DX1,TCGA-LGG
TCGA-R8-A6MO-01Z-00-DX2,TCGA-LGG
TCGA-R8-A6MO-01Z-00-DX3,TCGA-LGG
TCGA-R8-A6MO-01Z-00-DX4,TCGA-LGG
TCGA-R8-A6MO-01Z-00-DX5,TCGA-LGG
TCGA-R8-A6MO-01Z-00-DX6,TCGA-LGG
TCGA-R8-A6MO-01Z-00-DX7,TCGA-LGG
TCGA-R8-A6MO-01Z-00-DX8,TCGA-LGG
TCGA-R8-A6MO-01Z-00-DX9,TCGA-LGG
TCGA-R8-A6MO-01Z-00-DXA,TCGA-LGG
TCGA-R8-A6MO-01Z-00-DXB,TCGA-LGG
TCGA-R8-A6MO-01Z-00-DXC,TCGA-LGG
TCGA-R8-A6MO-01Z-00-DXD,TCGA-LGG
TCGA-R8-A6MO-01Z-00-DXE,TCGA-LGG
TCGA-P5-A5EX-01A-01-TSA,TCGA-LGG
TCGA-HT-7880-01A-01-BS1,TCGA-LGG
TCGA-HT-7880-01A-01-TS1,TCGA-LGG
TCGA-HT-7880-01Z-00-DX1,TCGA-LGG
TCGA-HT-7880-01Z-00-DX2,TCGA-LGG
TCGA-FG-5962-01B-01-BS1,TCGA-LGG
TCGA-FG-5962-01B-01-TS1,TCGA-LGG
TCGA-FG-5962-01Z-00-DX1,TCGA-LGG
TCGA-DU-7300-01A-01-BS1,TCGA-LGG
TCGA-DU-7300-01Z-00-DX1,TCGA-LGG
TCGA-R8-A6ML-01A-01-TSA,TCGA-LGG
TCGA-R8-A6ML-01Z-00-DX1,TCGA-LGG
TCGA-R8-A6ML-01Z-00-DX2,TCGA-LGG
TCGA-R8-A6ML-01Z-00-DX3,TCGA-LGG
TCGA-R8-A6ML-01Z-00-DX4,TCGA-LGG
TCGA-R8-A6ML-01Z-00-DX5,TCGA-LGG
TCGA-R8-A6ML-01Z-00-DX6,TCGA-LGG
TCGA-R8-A6ML-01Z-00-DX7,TCGA-LGG
TCGA-WY-A859-01A-01-TS1,TCGA-LGG
TCGA-WY-A859-01Z-00-DX1,TCGA-LGG
TCGA-TM-A84Q-01A-01-TS1,TCGA-LGG
TCGA-TM-A84Q-01Z-00-DX1,TCGA-LGG
TCGA-QH-A870-01A-01-TS1,TCGA-LGG
TCGA-QH-A870-01Z-00-DX1,TCGA-LGG
TCGA-DU-A5TU-01A-01-TS1,TCGA-LGG
TCGA-DU-A5TU-01Z-00-DX1,TCGA-LGG
TCGA-S9-A6U9-01A-01-TS1,TCGA-LGG
TCGA-S9-A6U9-01Z-00-DX1,TCGA-LGG
TCGA-S9-A7J2-01A-01-TS1,TCGA-LGG
TCGA-S9-A7J2-01Z-00-DX1,TCGA-LGG
TCGA-HT-A74J-01A-01-TS1,TCGA-LGG
TCGA-HT-A74J-01Z-00-DX1,TCGA-LGG
TCGA-P5-A5EU-01A-01-TSA,TCGA-LGG
TCGA-DB-5280-01A-01-BS1,TCGA-LGG
TCGA-DB-5280-01A-01-TS1,TCGA-LGG
TCGA-DB-5280-01Z-00-DX1,TCGA-LGG
TCGA-DB-5280-01Z-00-DX2,TCGA-LGG
TCGA-RY-A843-01A-01-TS1,TCGA-LGG
TCGA-RY-A843-01Z-00-DX1,TCGA-LGG
TCGA-HT-A5R5-01A-01-TS1,TCGA-LGG
TCGA-HT-A5R5-01Z-00-DX1,TCGA-LGG
TCGA-DH-5142-01A-01-TS1,TCGA-LGG
TCGA-DH-5142-01Z-00-DX1,TCGA-LGG
TCGA-HT-A4DS-01A-01-TS1,TCGA-LGG
TCGA-HT-A4DS-01Z-00-DX1,TCGA-LGG
TCGA-HT-A4DS-01Z-00-DX2,TCGA-LGG
TCGA-E1-5304-01A-01-BS1,TCGA-LGG
TCGA-E1-5304-01A-01-TS1,TCGA-LGG
TCGA-TM-A84M-01A-01-TS1,TCGA-LGG
TCGA-TM-A84M-01Z-00-DX1,TCGA-LGG
TCGA-TM-A84M-01Z-00-DX2,TCGA-LGG
TCGA-HT-A5RA-01A-01-TS1,TCGA-LGG
TCGA-HT-A5RA-01Z-00-DX1,TCGA-LGG
TCGA-DU-A5TT-01A-01-TS1,TCGA-LGG
TCGA-DU-A5TT-01Z-00-DX1,TCGA-LGG
TCGA-QH-A65X-01A-01-TS1,TCGA-LGG
TCGA-QH-A65X-01Z-00-DX1,TCGA-LGG
TCGA-HT-8011-01A-01-BS1,TCGA-LGG
TCGA-HT-8011-01A-01-TS1,TCGA-LGG
TCGA-HT-8011-01Z-00-DX1,TCGA-LGG
TCGA-E1-A7YI-01A-01-TSA,TCGA-LGG
TCGA-E1-A7YI-01Z-00-DX1,TCGA-LGG
TCGA-HT-7854-01A-01-BS1,TCGA-LGG
TCGA-HT-7854-01A-01-TS1,TCGA-LGG
TCGA-HT-7854-01Z-00-DX1,TCGA-LGG
TCGA-HT-7854-01Z-00-DX2,TCGA-LGG
TCGA-FG-A710-01A-01-TS1,TCGA-LGG
TCGA-FG-A710-01Z-00-DX1,TCGA-LGG
TCGA-P5-A72W-01A-01-TSA,TCGA-LGG
TCGA-P5-A72W-01Z-00-DX1,TCGA-LGG
TCGA-HT-8104-01A-01-BS1,TCGA-LGG
TCGA-HT-8104-01A-01-TS1,TCGA-LGG
TCGA-HT-8104-01Z-00-DX1,TCGA-LGG
TCGA-P5-A5EW-01A-01-TSA,TCGA-LGG
TCGA-DU-6395-01A-01-BS1,TCGA-LGG
TCGA-DU-6395-01A-01-TS1,TCGA-LGG
TCGA-DU-6395-01Z-00-DX1,TCGA-LGG
TCGA-TQ-A7RV-01A-02-TS2,TCGA-LGG
TCGA-TQ-A7RV-01Z-00-DX1,TCGA-LGG
TCGA-TQ-A7RV-02A-01-TS1,TCGA-LGG
TCGA-TQ-A7RV-02Z-00-DX1,TCGA-LGG
TCGA-CS-6668-01A-01-BS1,TCGA-LGG
TCGA-CS-6668-01A-01-TS1,TCGA-LGG
TCGA-CS-6668-01Z-00-DX1,TCGA-LGG
TCGA-P5-A780-01A-01-TSA,TCGA-LGG
TCGA-P5-A780-01Z-00-DX1,TCGA-LGG
TCGA-HT-7604-01A-01-BS1,TCGA-LGG
TCGA-HT-7604-01A-01-TS1,TCGA-LGG
TCGA-HT-7604-01Z-00-DX1,TCGA-LGG
TCGA-FG-5963-01A-01-BS1,TCGA-LGG
TCGA-FG-5963-01A-01-TS1,TCGA-LGG
TCGA-FG-5963-01Z-00-DX1,TCGA-LGG
TCGA-FG-5963-02A-01-TS1,TCGA-LGG
TCGA-HW-7490-01A-01-BS1,TCGA-LGG
TCGA-HW-7490-01A-01-TS1,TCGA-LGG
TCGA-HW-7490-01Z-00-DX1,TCGA-LGG
TCGA-QH-A6CV-01A-01-TS1,TCGA-LGG
TCGA-QH-A6CV-01Z-00-DX1,TCGA-LGG
TCGA-DH-5140-01A-01-BS1,TCGA-LGG
TCGA-DH-5140-01Z-00-DX1,TCGA-LGG
TCGA-VW-A7QS-01A-01-TSA,TCGA-LGG
TCGA-DU-5853-01A-01-BS1,TCGA-LGG
TCGA-DU-5853-01A-01-TS1,TCGA-LGG
TCGA-DU-5853-01Z-00-DX1,TCGA-LGG
TCGA-FG-7634-01A-01-BS1,TCGA-LGG
TCGA-FG-7634-01A-01-TS1,TCGA-LGG
TCGA-FG-7634-01Z-00-DX1,TCGA-LGG
TCGA-HT-7480-01A-01-BS1,TCGA-LGG
TCGA-HT-7480-01A-01-TS1,TCGA-LGG
TCGA-HT-7480-01Z-00-DX1,TCGA-LGG
TCGA-HT-7480-01Z-00-DX2,TCGA-LGG
TCGA-HT-7480-01Z-00-DX3,TCGA-LGG
TCGA-HT-7480-01Z-00-DX4,TCGA-LGG
TCGA-HT-7480-01Z-00-DX5,TCGA-LGG
TCGA-P5-A5F6-01A-01-TSA,TCGA-LGG
TCGA-CS-4938-01Z-00-DX1,TCGA-LGG
TCGA-TQ-A7RK-01A-01-TS1,TCGA-LGG
TCGA-TQ-A7RK-01Z-00-DX1,TCGA-LGG
TCGA-TQ-A7RK-02A-01-TS1,TCGA-LGG
TCGA-TQ-A7RK-02B-01-TS1,TCGA-LGG
TCGA-TQ-A7RK-02Z-00-DX1,TCGA-LGG
TCGA-TQ-A7RK-02Z-00-DX2,TCGA-LGG
TCGA-P5-A731-01Z-00-DX1,TCGA-LGG
TCGA-E1-A7Z3-01A-01-TSA,TCGA-LGG
TCGA-E1-A7Z3-01Z-00-DX1,TCGA-LGG
TCGA-DU-A6S6-01A-02-TS2,TCGA-LGG
TCGA-DU-A6S6-01Z-00-DX1,TCGA-LGG
TCGA-DU-A6S3-01A-01-TS1,TCGA-LGG
TCGA-DU-A6S3-01Z-00-DX1,TCGA-LGG
TCGA-E1-A7YV-01A-01-TSA,TCGA-LGG
TCGA-E1-A7YV-01Z-00-DX1,TCGA-LGG
TCGA-E1-A7YV-01Z-00-DX2,TCGA-LGG
TCGA-S9-A6WE-01A-01-TSA,TCGA-LGG
TCGA-S9-A6WE-01Z-00-DX1,TCGA-LGG
TCGA-DU-8168-01A-01-TS1,TCGA-LGG
TCGA-DU-8168-01Z-00-DX1,TCGA-LGG
TCGA-DU-6542-01A-01-BS1,TCGA-LGG
TCGA-DU-6542-01A-01-TS1,TCGA-LGG
TCGA-DU-6542-01Z-00-DX1,TCGA-LGG
TCGA-WH-A86K-01A-01-TS1,TCGA-LGG
TCGA-WH-A86K-01Z-00-DX1,TCGA-LGG
TCGA-TM-A7CF-01A-01-TS1,TCGA-LGG
TCGA-TM-A7CF-01Z-00-DX2,TCGA-LGG
TCGA-TM-A7CF-02A-01-TS1,TCGA-LGG
TCGA-TM-A7CF-02Z-00-DX1,TCGA-LGG
TCGA-FG-6690-01A-01-BS1,TCGA-LGG
TCGA-FG-6690-01A-01-TS1,TCGA-LGG
TCGA-FG-6690-01Z-00-DX1,TCGA-LGG
TCGA-TM-A7CF-01A-01-TS1,TCGA-LGG
TCGA-TM-A7CF-01Z-00-DX2,TCGA-LGG
TCGA-TM-A7CF-02A-01-TS1,TCGA-LGG
TCGA-TM-A7CF-02Z-00-DX1,TCGA-LGG
TCGA-HT-7689-01A-01-BS1,TCGA-LGG
TCGA-HT-7689-01A-01-TS1,TCGA-LGG
TCGA-HT-7689-01Z-00-DX1,TCGA-LGG
TCGA-HT-7689-01Z-00-DX2,TCGA-LGG
TCGA-HT-7689-01Z-00-DX3,TCGA-LGG
TCGA-WY-A85B-01A-01-TSA,TCGA-LGG
TCGA-WY-A85B-01Z-00-DX1,TCGA-LGG
TCGA-DU-5855-01A-01-BS1,TCGA-LGG
TCGA-DU-5855-01A-01-TS1,TCGA-LGG
TCGA-DU-5855-01Z-00-DX1,TCGA-LGG
TCGA-DU-6401-01A-01-BS1,TCGA-LGG
TCGA-DU-6401-01A-01-TS1,TCGA-LGG
TCGA-DU-6401-01Z-00-DX1,TCGA-LGG
TCGA-E1-A7YH-01A-01-TSA,TCGA-LGG
TCGA-E1-A7YH-01Z-00-DX1,TCGA-LGG
TCGA-R8-A6MK-01A-01-TSA,TCGA-LGG
TCGA-R8-A6MK-01Z-00-DX1,TCGA-LGG
TCGA-R8-A6MK-01Z-00-DX2,TCGA-LGG
TCGA-R8-A6MK-01Z-00-DX3,TCGA-LGG
TCGA-R8-A6MK-01Z-00-DX4,TCGA-LGG
TCGA-R8-A6MK-01Z-00-DX5,TCGA-LGG
TCGA-R8-A6MK-01Z-00-DX6,TCGA-LGG
TCGA-R8-A6MK-01Z-00-DX7,TCGA-LGG
TCGA-R8-A6MK-01Z-00-DX8,TCGA-LGG
TCGA-R8-A6MK-01Z-00-DX9,TCGA-LGG
TCGA-R8-A6MK-01Z-00-DXA,TCGA-LGG
TCGA-R8-A6MK-01Z-00-DXB,TCGA-LGG
TCGA-R8-A6MK-01Z-00-DXC,TCGA-LGG
TCGA-R8-A6MK-01Z-00-DXD,TCGA-LGG
TCGA-R8-A6MK-01Z-00-DXE,TCGA-LGG
TCGA-R8-A6MK-01Z-00-DXF,TCGA-LGG
TCGA-DB-A64X-01A-01-TSA,TCGA-LGG
TCGA-DB-A64X-01Z-00-DX1,TCGA-LGG
TCGA-CS-6670-01A-01-BS1,TCGA-LGG
TCGA-CS-6670-01A-01-TS1,TCGA-LGG
TCGA-CS-6670-01Z-00-DX1,TCGA-LGG
TCGA-DB-A64R-01A-01-TS1,TCGA-LGG
TCGA-DB-A64R-01Z-00-DX1,TCGA-LGG
TCGA-HT-7481-01A-01-BS1,TCGA-LGG
TCGA-HT-7481-01A-01-TS1,TCGA-LGG
TCGA-HT-7481-01Z-00-DX1,TCGA-LGG
TCGA-HT-7481-01Z-00-DX2,TCGA-LGG
TCGA-HT-7481-01Z-00-DX3,TCGA-LGG
TCGA-HT-7481-01Z-00-DX4,TCGA-LGG
TCGA-HW-8320-01A-01-BS1,TCGA-LGG
TCGA-HW-8320-01A-01-TS1,TCGA-LGG
TCGA-HW-8320-01Z-00-DX1,TCGA-LGG
TCGA-FG-A6J1-01A-01-TS1,TCGA-LGG
TCGA-FG-A6J1-01Z-00-DX1,TCGA-LGG
TCGA-TQ-A7RP-01A-02-TS2,TCGA-LGG
TCGA-TQ-A7RP-01Z-00-DX1,TCGA-LGG
TCGA-VM-A8CF-01A-01-TS1,TCGA-LGG
TCGA-VM-A8CF-01Z-00-DX1,TCGA-LGG
TCGA-VM-A8CF-01Z-00-DX2,TCGA-LGG
TCGA-VM-A8CF-01Z-00-DX3,TCGA-LGG
TCGA-VM-A8CF-01Z-00-DX4,TCGA-LGG
TCGA-VM-A8CF-01Z-00-DX5,TCGA-LGG
TCGA-VM-A8CF-01Z-00-DX6,TCGA-LGG
TCGA-VM-A8CF-01Z-00-DX7,TCGA-LGG
TCGA-VM-A8CF-01Z-00-DX8,TCGA-LGG
TCGA-VM-A8CF-01Z-00-DX9,TCGA-LGG
TCGA-DU-7009-01A-01-BS1,TCGA-LGG
TCGA-DU-7009-01A-01-TS1,TCGA-LGG
TCGA-DU-7009-01Z-00-DX1,TCGA-LGG
TCGA-P5-A5F1-01A-01-TSA,TCGA-LGG
TCGA-S9-A7J3-01A-02-TS2,TCGA-LGG
TCGA-S9-A7J3-01Z-00-DX1,TCGA-LGG
TCGA-CS-4942-01A-01-BS1,TCGA-LGG
TCGA-CS-4942-01Z-00-DX1,TCGA-LGG
TCGA-DB-5274-01A-01-BS1,TCGA-LGG
TCGA-DB-5274-01A-01-TS1,TCGA-LGG
TCGA-DB-5274-01Z-00-DX1,TCGA-LGG
TCGA-DB-5274-01Z-00-DX2,TCGA-LGG
TCGA-S9-A6WH-01A-01-TS1,TCGA-LGG
TCGA-S9-A6WH-01Z-00-DX1,TCGA-LGG
TCGA-HT-7620-01A-01-BS1,TCGA-LGG
TCGA-HT-7620-01A-01-TS1,TCGA-LGG
TCGA-HT-7620-01Z-00-DX1,TCGA-LGG
TCGA-HT-7620-01Z-00-DX2,TCGA-LGG
TCGA-HT-7620-01Z-00-DX3,TCGA-LGG
TCGA-HT-7620-01Z-00-DX4,TCGA-LGG
TCGA-HT-7620-01Z-00-DX5,TCGA-LGG
TCGA-TQ-A8XE-01A-01-TS1,TCGA-LGG
TCGA-TQ-A8XE-01Z-00-DX1,TCGA-LGG
TCGA-TQ-A8XE-02A-01-TS1,TCGA-LGG
TCGA-TQ-A8XE-02Z-00-DX1,TCGA-LGG
TCGA-RY-A83Z-01A-01-TS1,TCGA-LGG
TCGA-RY-A83Z-01Z-00-DX1,TCGA-LGG
TCGA-DU-7292-01A-01-BS1,TCGA-LGG
TCGA-DU-7292-01A-01-TS1,TCGA-LGG
TCGA-DU-7292-01Z-00-DX1,TCGA-LGG
TCGA-DU-6396-01A-01-BS1,TCGA-LGG
TCGA-DU-6396-01A-01-TS1,TCGA-LGG
TCGA-DU-6396-01Z-00-DX1,TCGA-LGG
TCGA-RY-A83Y-01A-01-TS1,TCGA-LGG
TCGA-RY-A83Y-01Z-00-DX1,TCGA-LGG
TCGA-DB-A64V-01A-01-TSA,TCGA-LGG
TCGA-DB-A64V-01Z-00-DX1,TCGA-LGG
TCGA-DU-6400-01A-01-BS1,TCGA-LGG
TCGA-DU-6400-01A-01-TS1,TCGA-LGG
TCGA-DU-6400-01Z-00-DX1,TCGA-LGG
TCGA-DB-5281-01A-01-BS1,TCGA-LGG
TCGA-DB-5281-01A-01-TS1,TCGA-LGG
TCGA-DB-5281-01Z-00-DX1,TCGA-LGG
TCGA-DB-5281-01Z-00-DX2,TCGA-LGG
TCGA-S9-A89Z-01A-01-TS1,TCGA-LGG
TCGA-S9-A89Z-01Z-00-DX1,TCGA-LGG
TCGA-HT-7694-01A-01-BS1,TCGA-LGG
TCGA-HT-7694-01A-01-TS1,TCGA-LGG
TCGA-HT-7694-01Z-00-DX1,TCGA-LGG
TCGA-HT-7694-01Z-00-DX2,TCGA-LGG
TCGA-HT-7694-01Z-00-DX3,TCGA-LGG
TCGA-HT-7694-01Z-00-DX4,TCGA-LGG
TCGA-HT-7694-01Z-00-DX5,TCGA-LGG
TCGA-HT-7694-01Z-00-DX6,TCGA-LGG
TCGA-HT-7694-01Z-00-DX7,TCGA-LGG
TCGA-HT-7694-01Z-00-DX8,TCGA-LGG
TCGA-VM-A8CE-01A-01-TS1,TCGA-LGG
TCGA-VM-A8CE-01Z-00-DX1,TCGA-LGG
TCGA-VM-A8CE-01Z-00-DX2,TCGA-LGG
TCGA-VM-A8CE-01Z-00-DX3,TCGA-LGG
TCGA-VM-A8CE-01Z-00-DX4,TCGA-LGG
TCGA-VM-A8CE-01Z-00-DX5,TCGA-LGG
TCGA-VM-A8CE-01Z-00-DX6,TCGA-LGG
TCGA-VM-A8CE-01Z-00-DX7,TCGA-LGG
TCGA-VM-A8CE-01Z-00-DX8,TCGA-LGG
TCGA-VM-A8CE-01Z-00-DX9,TCGA-LGG
TCGA-HT-8015-01B-01-TS1,TCGA-LGG
TCGA-HT-8015-01Z-00-DX1,TCGA-LGG
TCGA-TQ-A7RU-01A-02-TS2,TCGA-LGG
TCGA-TQ-A7RU-01Z-00-DX1,TCGA-LGG
TCGA-HW-A5KJ-01A-01-TSA,TCGA-LGG
TCGA-HW-A5KJ-01Z-00-DX1,TCGA-LGG
TCGA-E1-A7YN-01A-01-TSA,TCGA-LGG
TCGA-E1-A7YN-01Z-00-DX1,TCGA-LGG
TCGA-P5-A5F4-01A-01-TSA,TCGA-LGG
TCGA-VM-A8CD-01A-01-TS1,TCGA-LGG
TCGA-VM-A8CD-01Z-00-DX1,TCGA-LGG
TCGA-VM-A8CD-01Z-00-DX2,TCGA-LGG
TCGA-VM-A8CD-01Z-00-DX3,TCGA-LGG
TCGA-VM-A8CD-01Z-00-DX4,TCGA-LGG
TCGA-VM-A8CD-01Z-00-DX5,TCGA-LGG
TCGA-VM-A8CD-01Z-00-DX6,TCGA-LGG
TCGA-VM-A8CD-01Z-00-DX7,TCGA-LGG
TCGA-VM-A8CD-01Z-00-DX8,TCGA-LGG
TCGA-VM-A8CD-01Z-00-DX9,TCGA-LGG
TCGA-HT-7608-01A-01-BS1,TCGA-LGG
TCGA-HT-7608-01A-01-TS1,TCGA-LGG
TCGA-HT-7608-01Z-00-DX1,TCGA-LGG
TCGA-HT-7608-01Z-00-DX2,TCGA-LGG
TCGA-HT-7608-01Z-00-DX3,TCGA-LGG
TCGA-HT-7608-01Z-00-DX4,TCGA-LGG
TCGA-HT-7608-01Z-00-DX5,TCGA-LGG
TCGA-HT-7608-01Z-00-DX6,TCGA-LGG
TCGA-HT-7608-01Z-00-DX7,TCGA-LGG
TCGA-HT-7608-01Z-00-DX8,TCGA-LGG
TCGA-HT-7608-01Z-00-DX9,TCGA-LGG
TCGA-HT-A74L-01A-01-TS1,TCGA-LGG
TCGA-HT-A74L-01Z-00-DX1,TCGA-LGG
TCGA-DU-A5TW-01A-01-TSA,TCGA-LGG
TCGA-DU-A5TW-01Z-00-DX1,TCGA-LGG
TCGA-DB-5270-01A-01-BS1,TCGA-LGG
TCGA-DB-5270-01A-02-BS2,TCGA-LGG
TCGA-DB-5270-01Z-00-DX1,TCGA-LGG
TCGA-DB-5270-01Z-00-DX2,TCGA-LGG
TCGA-S9-A6U1-01A-02-TSB,TCGA-LGG
TCGA-S9-A6U1-01Z-00-DX1,TCGA-LGG
TCGA-HT-7602-01A-01-BS1,TCGA-LGG
TCGA-HT-7602-01Z-00-DX1,TCGA-LGG
TCGA-HT-7602-01Z-00-DX2,TCGA-LGG
TCGA-HT-7602-01Z-00-DX3,TCGA-LGG
TCGA-IK-8125-01A-01-BS1,TCGA-LGG
TCGA-IK-8125-01A-01-TS1,TCGA-LGG
TCGA-IK-8125-01Z-00-DX1,TCGA-LGG
TCGA-FG-A70Z-01A-01-TS1,TCGA-LGG
TCGA-FG-A70Z-01Z-00-DX1,TCGA-LGG
TCGA-HT-7873-01B-01-BS1,TCGA-LGG
TCGA-HT-7873-01B-01-TS1,TCGA-LGG
TCGA-HT-7873-01Z-00-DX1,TCGA-LGG
TCGA-HT-7873-01Z-00-DX3,TCGA-LGG
TCGA-E1-A7YS-01A-01-TSA,TCGA-LGG
TCGA-E1-A7YS-01Z-00-DX1,TCGA-LGG
TCGA-QH-A6XC-01A-01-TS1,TCGA-LGG
TCGA-QH-A6XC-01Z-00-DX1,TCGA-LGG
TCGA-QH-A6X9-01A-01-TSA,TCGA-LGG
TCGA-QH-A6X9-01Z-00-DX1,TCGA-LGG
TCGA-TM-A7C4-01A-01-TS1,TCGA-LGG
TCGA-TM-A7C4-01Z-00-DX1,TCGA-LGG
TCGA-HT-7882-01A-01-BS1,TCGA-LGG
TCGA-HT-7882-01A-01-TS1,TCGA-LGG
TCGA-HT-7882-01Z-00-DX1,TCGA-LGG
TCGA-HT-7882-01Z-00-DX2,TCGA-LGG
TCGA-HT-7882-01Z-00-DX3,TCGA-LGG
TCGA-HT-7882-01Z-00-DX4,TCGA-LGG
TCGA-HT-7882-01Z-00-DX5,TCGA-LGG
TCGA-P5-A77X-01A-01-TSA,TCGA-LGG
TCGA-P5-A77X-01Z-00-DX1,TCGA-LGG
TCGA-FN-7833-01A-01-TS1,TCGA-LGG
TCGA-FN-7833-01Z-00-DX1,TCGA-LGG
TCGA-DB-A4XH-01A-01-TSA,TCGA-LGG
TCGA-DB-A4XH-01Z-00-DX1,TCGA-LGG
TCGA-DB-A4XH-01Z-00-DX2,TCGA-LGG
TCGA-FG-A60J-01A-01-TS1,TCGA-LGG
TCGA-FG-A60J-01Z-00-DX1,TCGA-LGG
TCGA-S9-A7IZ-01A-01-TSA,TCGA-LGG
TCGA-S9-A7IZ-01Z-00-DX1,TCGA-LGG
TCGA-FG-6689-01A-01-BS1,TCGA-LGG
TCGA-FG-6689-01A-01-TS1,TCGA-LGG
TCGA-FG-6689-01Z-00-DX1,TCGA-LGG
TCGA-FG-8191-01A-01-TS1,TCGA-LGG
TCGA-FG-8191-01Z-00-DX1,TCGA-LGG
TCGA-HW-A5KL-01A-01-TS1,TCGA-LGG
TCGA-HW-A5KL-01Z-00-DX1,TCGA-LGG
TCGA-HW-A5KM-01A-01-TSA,TCGA-LGG
TCGA-HW-A5KM-01Z-00-DX1,TCGA-LGG
TCGA-TQ-A8XE-01A-01-TS1,TCGA-LGG
TCGA-TQ-A8XE-01Z-00-DX1,TCGA-LGG
TCGA-TQ-A8XE-02A-01-TS1,TCGA-LGG
TCGA-TQ-A8XE-02Z-00-DX1,TCGA-LGG
TCGA-FG-8188-01A-01-BS1,TCGA-LGG
TCGA-FG-8188-01A-01-TS1,TCGA-LGG
TCGA-FG-8188-01Z-00-DX1,TCGA-LGG
TCGA-FG-8188-01Z-00-DX2,TCGA-LGG
TCGA-FG-8188-01Z-00-DX3,TCGA-LGG
TCGA-VV-A829-01Z-00-DX1,TCGA-LGG
TCGA-VV-A829-01Z-00-DX2,TCGA-LGG
TCGA-VV-A829-01Z-00-DX3,TCGA-LGG
TCGA-DU-6408-01A-01-BS1,TCGA-LGG
TCGA-DU-6408-01A-01-TS1,TCGA-LGG
TCGA-DU-6408-01Z-00-DX1,TCGA-LGG
TCGA-HT-8010-01A-01-BS1,TCGA-LGG
TCGA-HT-8010-01A-01-TS1,TCGA-LGG
TCGA-HT-8010-01Z-00-DX1,TCGA-LGG
TCGA-DB-A4XE-01A-01-TSA,TCGA-LGG
TCGA-DB-A4XE-01Z-00-DX1,TCGA-LGG
TCGA-DB-A4XE-01Z-00-DX2,TCGA-LGG
TCGA-S9-A6WQ-01A-01-TSA,TCGA-LGG
TCGA-S9-A6WQ-01Z-00-DX1,TCGA-LGG
TCGA-DU-7019-01A-01-BS1,TCGA-LGG
TCGA-DU-7019-01A-01-TS1,TCGA-LGG
TCGA-DU-7019-01Z-00-DX1,TCGA-LGG
TCGA-P5-A737-01A-01-TS1,TCGA-LGG
TCGA-P5-A737-01Z-00-DX1,TCGA-LGG
TCGA-DU-8166-01A-01-TS1,TCGA-LGG
TCGA-DU-8166-01Z-00-DX1,TCGA-LGG
TCGA-HT-7606-01A-01-BS1,TCGA-LGG
TCGA-HT-7606-01A-01-TS1,TCGA-LGG
TCGA-HT-7606-01Z-00-DX1,TCGA-LGG
TCGA-HT-7606-01Z-00-DX2,TCGA-LGG
TCGA-WY-A85D-01A-01-TSA,TCGA-LGG
TCGA-WY-A85D-01Z-00-DX1,TCGA-LGG
TCGA-E1-A7YM-01A-01-TSA,TCGA-LGG
TCGA-E1-A7YM-01Z-00-DX1,TCGA-LGG
TCGA-TM-A84T-01A-01-TS1,TCGA-LGG
TCGA-TM-A84T-01Z-00-DX1,TCGA-LGG
TCGA-HT-A5RC-01A-01-TS1,TCGA-LGG
TCGA-HT-A5RC-01Z-00-DX1,TCGA-LGG
TCGA-FG-8189-01B-01-TSA,TCGA-LGG
TCGA-FG-8189-01Z-00-DX1,TCGA-LGG
TCGA-QH-A6CZ-01A-01-TS1,TCGA-LGG
TCGA-QH-A6CZ-01Z-00-DX1,TCGA-LGG
TCGA-KT-A74X-01A-01-TSA,TCGA-LGG
TCGA-KT-A74X-01Z-00-DX1,TCGA-LGG
TCGA-KT-A74X-01Z-00-DX2,TCGA-LGG
TCGA-KT-A74X-01Z-00-DX3,TCGA-LGG
TCGA-DB-A4XA-01A-01-TSA,TCGA-LGG
TCGA-DB-A4XA-01Z-00-DX1,TCGA-LGG
TCGA-DB-A4XA-01Z-00-DX2,TCGA-LGG
TCGA-DU-5872-01A-01-BS1,TCGA-LGG
TCGA-DU-5872-01A-01-TS1,TCGA-LGG
TCGA-DU-5872-01Z-00-DX1,TCGA-LGG
TCGA-DU-5872-02A-02-TS2,TCGA-LGG
TCGA-P5-A72Z-01A-01-TSA,TCGA-LGG
TCGA-P5-A72Z-01Z-00-DX1,TCGA-LGG
TCGA-DB-5278-01A-01-BS1,TCGA-LGG
TCGA-DB-5278-01A-01-TS1,TCGA-LGG
TCGA-DB-5278-01Z-00-DX1,TCGA-LGG
TCGA-DB-5278-01Z-00-DX2,TCGA-LGG
TCGA-HT-A614-01A-01-TSA,TCGA-LGG
TCGA-HT-A614-01Z-00-DX1,TCGA-LGG
TCGA-E1-5311-01A-01-BS1,TCGA-LGG
TCGA-DU-A5TY-01A-01-TS1,TCGA-LGG
TCGA-DU-A5TY-01Z-00-DX1,TCGA-LGG
TCGA-HT-7609-01A-01-BS1,TCGA-LGG
TCGA-HT-7609-01A-01-TS1,TCGA-LGG
TCGA-HT-7609-01Z-00-DX1,TCGA-LGG
TCGA-HT-7609-01Z-00-DX2,TCGA-LGG
TCGA-HT-7609-01Z-00-DX3,TCGA-LGG
TCGA-HT-7609-01Z-00-DX4,TCGA-LGG
TCGA-HT-7609-01Z-00-DX5,TCGA-LGG
TCGA-HT-7902-01A-01-BS1,TCGA-LGG
TCGA-HT-7902-01A-01-TS1,TCGA-LGG
TCGA-HT-7902-01Z-00-DX1,TCGA-LGG
TCGA-HT-7902-01Z-00-DX2,TCGA-LGG
TCGA-DB-A75M-01A-01-TSA,TCGA-LGG
TCGA-DB-A75M-01Z-00-DX1,TCGA-LGG
TCGA-S9-A6WP-01A-01-TS1,TCGA-LGG
TCGA-S9-A6WP-01Z-00-DX1,TCGA-LGG
TCGA-CS-5395-01Z-00-DX1,TCGA-LGG
TCGA-TM-A7C3-01A-01-TS1,TCGA-LGG
TCGA-TM-A7C3-01Z-00-DX1,TCGA-LGG
TCGA-DU-7299-01A-01-BS1,TCGA-LGG
TCGA-DU-7299-01Z-00-DX1,TCGA-LGG
TCGA-HT-A4DV-01A-01-TS1,TCGA-LGG
TCGA-HT-A4DV-01Z-00-DX1,TCGA-LGG
TCGA-HT-A4DV-01Z-00-DX2,TCGA-LGG
TCGA-DU-5872-01A-01-BS1,TCGA-LGG
TCGA-DU-5872-01A-01-TS1,TCGA-LGG
TCGA-DU-5872-01Z-00-DX1,TCGA-LGG
TCGA-DU-5872-02A-02-TS2,TCGA-LGG
TCGA-TM-A84F-01A-01-TS1,TCGA-LGG
TCGA-TM-A84F-01Z-00-DX1,TCGA-LGG
TCGA-TM-A84F-01Z-00-DX2,TCGA-LGG
TCGA-KT-A7W1-01A-01-TS1,TCGA-LGG
TCGA-KT-A7W1-01Z-00-DX1,TCGA-LGG
TCGA-VM-A8CB-01Z-00-DX1,TCGA-LGG
TCGA-VM-A8CB-01Z-00-DX2,TCGA-LGG
TCGA-VM-A8CB-01Z-00-DX3,TCGA-LGG
TCGA-VM-A8CB-01Z-00-DX4,TCGA-LGG
TCGA-VM-A8CB-01Z-00-DX5,TCGA-LGG
TCGA-VM-A8CB-01Z-00-DX6,TCGA-LGG
TCGA-VM-A8CB-01Z-00-DX7,TCGA-LGG
TCGA-VM-A8CB-01Z-00-DX8,TCGA-LGG
TCGA-VM-A8CB-01Z-00-DX9,TCGA-LGG
TCGA-E1-A7YJ-01A-01-TSA,TCGA-LGG
TCGA-E1-A7YJ-01Z-00-DX1,TCGA-LGG
TCGA-HT-8105-01A-01-BS1,TCGA-LGG
TCGA-HT-8105-01A-01-TS1,TCGA-LGG
TCGA-HT-8105-01Z-00-DX1,TCGA-LGG
TCGA-DU-A7T8-01A-02-TS2,TCGA-LGG
TCGA-DU-A7T8-01Z-00-DX1,TCGA-LGG
TCGA-CS-6290-01A-01-TS1,TCGA-LGG
TCGA-CS-6290-01Z-00-DX1,TCGA-LGG
TCGA-S9-A6TV-01A-01-TS1,TCGA-LGG
TCGA-S9-A6TV-01Z-00-DX1,TCGA-LGG
TCGA-DH-5144-01Z-00-DX1,TCGA-LGG
TCGA-DB-A75O-01A-01-TSA,TCGA-LGG
TCGA-DB-A75O-01Z-00-DX1,TCGA-LGG
TCGA-HT-A5RB-01A-01-TS1,TCGA-LGG
TCGA-HT-A5RB-01Z-00-DX1,TCGA-LGG
TCGA-HT-8114-01A-01-BS1,TCGA-LGG
TCGA-HT-8114-01A-01-TS1,TCGA-LGG
TCGA-HT-8114-01Z-00-DX1,TCGA-LGG
TCGA-WY-A85A-01A-02-TS2,TCGA-LGG
TCGA-WY-A85A-01Z-00-DX1,TCGA-LGG
TCGA-HT-7611-01A-01-BS1,TCGA-LGG
TCGA-HT-7611-01A-01-TS1,TCGA-LGG
TCGA-HT-7611-01Z-00-DX1,TCGA-LGG
TCGA-S9-A6WI-01A-02-TS2,TCGA-LGG
TCGA-S9-A6WI-01Z-00-DX1,TCGA-LGG
TCGA-DU-8165-01A-01-TS1,TCGA-LGG
TCGA-DU-8165-01Z-00-DX1,TCGA-LGG
TCGA-FG-7641-01B-01-BS1,TCGA-LGG
TCGA-FG-7641-01B-01-TS1,TCGA-LGG
TCGA-FG-7641-01Z-00-DX1,TCGA-LGG
TCGA-DU-6402-01A-01-BS1,TCGA-LGG
TCGA-DU-6402-01A-01-TS1,TCGA-LGG
TCGA-DU-6402-01Z-00-DX1,TCGA-LGG
TCGA-HT-7881-01A-01-BS1,TCGA-LGG
TCGA-HT-7881-01A-01-TS1,TCGA-LGG
TCGA-HT-7881-01Z-00-DX1,TCGA-LGG
TCGA-HT-7881-01Z-00-DX2,TCGA-LGG
TCGA-HT-7881-01Z-00-DX3,TCGA-LGG
TCGA-HT-7881-01Z-00-DX4,TCGA-LGG
TCGA-HT-7881-01Z-00-DX5,TCGA-LGG
TCGA-DH-A66G-01A-02-TS2,TCGA-LGG
TCGA-DH-A66G-01Z-00-DX1,TCGA-LGG
TCGA-HT-8106-01A-01-BS1,TCGA-LGG
TCGA-HT-8106-01A-01-TS1,TCGA-LGG
TCGA-HT-8106-01Z-00-DX1,TCGA-LGG
TCGA-TM-A84I-01A-01-TS1,TCGA-LGG
TCGA-TM-A84I-01Z-00-DX1,TCGA-LGG
TCGA-QH-A6X3-01A-02-TS2,TCGA-LGG
TCGA-QH-A6X3-01Z-00-DX1,TCGA-LGG
TCGA-HT-7693-01A-01-BS1,TCGA-LGG
TCGA-HT-7693-01A-01-TS1,TCGA-LGG
TCGA-HT-7693-01Z-00-DX2,TCGA-LGG
TCGA-HT-7693-01Z-00-DX3,TCGA-LGG
TCGA-HT-8563-01A-01-TS1,TCGA-LGG
TCGA-HT-8563-01Z-00-DX1,TCGA-LGG
TCGA-FG-5965-01B-01-BS1,TCGA-LGG
TCGA-FG-5965-01B-01-TS1,TCGA-LGG
TCGA-FG-5965-01Z-00-DX1,TCGA-LGG
TCGA-FG-5965-02A-01-TS1,TCGA-LGG
TCGA-FG-5965-02B-01-TS1,TCGA-LGG
TCGA-FG-A713-01A-01-TS1,TCGA-LGG
TCGA-FG-A713-01Z-00-DX1,TCGA-LGG
TCGA-FG-A713-01Z-00-DX2,TCGA-LGG
TCGA-FG-A713-01Z-00-DX3,TCGA-LGG
TCGA-FG-A713-01Z-00-DX4,TCGA-LGG
TCGA-FG-A713-01Z-00-DX5,TCGA-LGG
TCGA-HW-8321-01A-01-BS1,TCGA-LGG
TCGA-HW-8321-01A-01-TS1,TCGA-LGG
TCGA-HW-8321-01Z-00-DX1,TCGA-LGG
TCGA-HT-7686-01A-01-BS1,TCGA-LGG
TCGA-HT-7686-01A-01-TS1,TCGA-LGG
TCGA-HT-7686-01Z-00-DX1,TCGA-LGG
TCGA-HT-7686-01Z-00-DX2,TCGA-LGG
TCGA-HT-7686-01Z-00-DX3,TCGA-LGG
TCGA-DB-A64P-01A-01-TSA,TCGA-LGG
TCGA-DB-A64P-01Z-00-DX1,TCGA-LGG
TCGA-DU-A76K-01A-01-TS1,TCGA-LGG
TCGA-DU-A76K-01Z-00-DX1,TCGA-LGG
TCGA-TQ-A7RK-01A-01-TS1,TCGA-LGG
TCGA-TQ-A7RK-01Z-00-DX1,TCGA-LGG
TCGA-TQ-A7RK-02A-01-TS1,TCGA-LGG
TCGA-TQ-A7RK-02B-01-TS1,TCGA-LGG
TCGA-TQ-A7RK-02Z-00-DX1,TCGA-LGG
TCGA-TQ-A7RK-02Z-00-DX2,TCGA-LGG
TCGA-P5-A72X-01A-01-TSA,TCGA-LGG
TCGA-P5-A72X-01Z-00-DX1,TCGA-LGG
TCGA-DU-A76L-01A-01-TS1,TCGA-LGG
TCGA-DU-A76L-01Z-00-DX1,TCGA-LGG
TCGA-S9-A7J1-01A-02-TS2,TCGA-LGG
TCGA-S9-A7J1-01Z-00-DX1,TCGA-LGG
TCGA-CS-6188-01A-01-BS1,TCGA-LGG
TCGA-CS-6188-01A-01-TS1,TCGA-LGG
TCGA-CS-6188-01Z-00-DX1,TCGA-LGG
TCGA-WY-A85E-01A-01-TS1,TCGA-LGG
TCGA-WY-A85E-01Z-00-DX1,TCGA-LGG
TCGA-S9-A6TX-01A-02-TS2,TCGA-LGG
TCGA-S9-A6TX-01Z-00-DX1,TCGA-LGG
TCGA-HT-7677-01A-01-BS1,TCGA-LGG
TCGA-HT-7677-01A-01-TS1,TCGA-LGG
TCGA-HT-7677-01Z-00-DX1,TCGA-LGG
TCGA-HT-7677-01Z-00-DX2,TCGA-LGG
TCGA-HT-7677-01Z-00-DX3,TCGA-LGG
TCGA-HT-7677-01Z-00-DX4,TCGA-LGG
TCGA-HT-7677-01Z-00-DX5,TCGA-LGG
TCGA-HT-7677-01Z-00-DX6,TCGA-LGG
TCGA-HT-7677-01Z-00-DX7,TCGA-LGG
TCGA-HT-7677-01Z-00-DX8,TCGA-LGG
TCGA-HT-7677-01Z-00-DX9,TCGA-LGG
TCGA-F6-A8O4-01A-01-TSA,TCGA-LGG
TCGA-F6-A8O4-01Z-00-DX1,TCGA-LGG
TCGA-TM-A84S-01A-01-TSA,TCGA-LGG
TCGA-TM-A84S-01Z-00-DX1,TCGA-LGG
TCGA-DU-A5TR-01A-01-TSA,TCGA-LGG
TCGA-DU-A5TR-01Z-00-DX1,TCGA-LGG
TCGA-E1-A7YD-01A-01-TS1,TCGA-LGG
TCGA-E1-A7YD-01Z-00-DX1,TCGA-LGG
TCGA-S9-A7R3-01A-01-TS1,TCGA-LGG
TCGA-S9-A7R3-01Z-00-DX1,TCGA-LGG
TCGA-R8-A73M-01A-01-TS1,TCGA-LGG
TCGA-R8-A73M-01Z-00-DX1,TCGA-LGG
TCGA-DU-5851-01A-01-TS1,TCGA-LGG
TCGA-DU-5851-01Z-00-DX1,TCGA-LGG
TCGA-CS-6665-01A-01-BS1,TCGA-LGG
TCGA-CS-6665-01A-01-TS1,TCGA-LGG
TCGA-CS-6665-01Z-00-DX1,TCGA-LGG
TCGA-TM-A84G-01Z-00-DX1,TCGA-LGG
TCGA-TM-A84G-01Z-00-DX2,TCGA-LGG
TCGA-HT-7474-01A-01-BS1,TCGA-LGG
TCGA-HT-7474-01A-01-TS1,TCGA-LGG
TCGA-HT-7474-01Z-00-DX1,TCGA-LGG
TCGA-HT-7474-01Z-00-DX2,TCGA-LGG
TCGA-FG-5965-01B-01-BS1,TCGA-LGG
TCGA-FG-5965-01B-01-TS1,TCGA-LGG
TCGA-FG-5965-01Z-00-DX1,TCGA-LGG
TCGA-FG-5965-02A-01-TS1,TCGA-LGG
TCGA-FG-5965-02B-01-TS1,TCGA-LGG
TCGA-DB-5273-01A-01-BS1,TCGA-LGG
TCGA-DB-5273-01A-01-TS1,TCGA-LGG
TCGA-DB-5273-01Z-00-DX1,TCGA-LGG
TCGA-DB-5273-01Z-00-DX2,TCGA-LGG
TCGA-DU-A7TJ-01A-01-TS1,TCGA-LGG
TCGA-DU-A7TJ-01Z-00-DX1,TCGA-LGG
TCGA-CS-6186-01A-01-BS1,TCGA-LGG
TCGA-CS-6186-01A-01-TS1,TCGA-LGG
TCGA-CS-6186-01Z-00-DX1,TCGA-LGG
TCGA-DU-7304-01A-01-BS1,TCGA-LGG
TCGA-DU-7304-01A-01-TS1,TCGA-LGG
TCGA-DU-7304-01Z-00-DX1,TCGA-LGG
TCGA-DU-7304-02A-01-TS1,TCGA-LGG
TCGA-DU-7304-01A-01-BS1,TCGA-LGG
TCGA-DU-7304-01A-01-TS1,TCGA-LGG
TCGA-DU-7304-01Z-00-DX1,TCGA-LGG
TCGA-DU-7304-02A-01-TS1,TCGA-LGG
TCGA-W9-A837-01A-01-TS1,TCGA-LGG
TCGA-W9-A837-01Z-00-DX1,TCGA-LGG
TCGA-FG-8182-01A-01-BS1,TCGA-LGG
TCGA-FG-8182-01A-01-TS1,TCGA-LGG
TCGA-FG-8182-01Z-00-DX1,TCGA-LGG
TCGA-S9-A6WD-01A-01-TS1,TCGA-LGG
TCGA-S9-A6WD-01Z-00-DX1,TCGA-LGG
TCGA-HT-A74O-01A-01-TS1,TCGA-LGG
TCGA-HT-A74O-01Z-00-DX1,TCGA-LGG
TCGA-E1-5319-01A-01-BS1,TCGA-LGG
TCGA-DU-7298-01A-01-BS1,TCGA-LGG
TCGA-DU-7298-01A-01-TS1,TCGA-LGG
TCGA-DU-7298-01Z-00-DX1,TCGA-LGG
TCGA-FG-5965-01B-01-BS1,TCGA-LGG
TCGA-FG-5965-01B-01-TS1,TCGA-LGG
TCGA-FG-5965-01Z-00-DX1,TCGA-LGG
TCGA-FG-5965-02A-01-TS1,TCGA-LGG
TCGA-FG-5965-02B-01-TS1,TCGA-LGG
TCGA-DH-A66B-01A-01-TS1,TCGA-LGG
TCGA-DH-A66B-01Z-00-DX1,TCGA-LGG
TCGA-DU-A5TP-01A-01-TS1,TCGA-LGG
TCGA-DU-A5TP-01Z-00-DX1,TCGA-LGG
TCGA-DU-5849-01A-01-BS1,TCGA-LGG
TCGA-DU-5849-01A-01-TS1,TCGA-LGG
TCGA-DU-5849-01Z-00-DX1,TCGA-LGG
TCGA-HT-7692-01A-01-BS1,TCGA-LGG
TCGA-HT-7692-01A-01-TS1,TCGA-LGG
TCGA-HT-7692-01Z-00-DX1,TCGA-LGG
TCGA-DU-A76R-01A-01-TS1,TCGA-LGG
TCGA-DU-A76R-01Z-00-DX1,TCGA-LGG
TCGA-DH-A7US-01A-01-TSA,TCGA-LGG
TCGA-DH-A7US-01Z-00-DX1,TCGA-LGG
TCGA-E1-A7YY-01A-01-TSA,TCGA-LGG
TCGA-E1-A7YY-01Z-00-DX1,TCGA-LGG
TCGA-DB-A4XG-01A-01-TSA,TCGA-LGG
TCGA-DB-A4XG-01Z-00-DX1,TCGA-LGG
TCGA-DB-A4XG-01Z-00-DX2,TCGA-LGG
TCGA-HT-7884-01B-01-BS1,TCGA-LGG
TCGA-HT-7884-01B-01-TS1,TCGA-LGG
TCGA-S9-A7R1-01A-01-TS1,TCGA-LGG
TCGA-S9-A7R1-01Z-00-DX1,TCGA-LGG
TCGA-TM-A84O-01A-01-TS1,TCGA-LGG
TCGA-TM-A84O-01Z-00-DX1,TCGA-LGG
TCGA-DU-7007-01A-01-BS1,TCGA-LGG
TCGA-DU-7007-01A-01-TS1,TCGA-LGG
TCGA-DU-7007-01Z-00-DX1,TCGA-LGG
TCGA-HW-A5KK-01A-01-TSA,TCGA-LGG
TCGA-HW-A5KK-01Z-00-DX1,TCGA-LGG
TCGA-TQ-A7RK-01A-01-TS1,TCGA-LGG
TCGA-TQ-A7RK-01Z-00-DX1,TCGA-LGG
TCGA-TQ-A7RK-02A-01-TS1,TCGA-LGG
TCGA-TQ-A7RK-02B-01-TS1,TCGA-LGG
TCGA-TQ-A7RK-02Z-00-DX1,TCGA-LGG
TCGA-TQ-A7RK-02Z-00-DX2,TCGA-LGG
TCGA-HT-7477-01B-01-TS1,TCGA-LGG
TCGA-HT-7477-01Z-00-DX1,TCGA-LGG
TCGA-DB-A4XC-01A-01-TSA,TCGA-LGG
TCGA-DB-A4XC-01Z-00-DX1,TCGA-LGG
TCGA-DB-A4XC-01Z-00-DX2,TCGA-LGG
TCGA-FG-A711-01A-02-TS2,TCGA-LGG
TCGA-FG-A711-01Z-00-DX1,TCGA-LGG
TCGA-DU-6393-01A-01-BS1,TCGA-LGG
TCGA-DU-6393-01A-01-TS1,TCGA-LGG
TCGA-DU-6393-01Z-00-DX1,TCGA-LGG
TCGA-S9-A6U2-01A-02-TS2,TCGA-LGG
TCGA-S9-A6U2-01Z-00-DX1,TCGA-LGG
TCGA-HW-7487-01A-01-BS1,TCGA-LGG
TCGA-HW-7487-01A-01-TS1,TCGA-LGG
TCGA-HW-7487-01Z-00-DX1,TCGA-LGG
TCGA-DU-6410-01A-01-BS1,TCGA-LGG
TCGA-DU-6410-01A-01-TS1,TCGA-LGG
TCGA-DU-6410-01Z-00-DX1,TCGA-LGG